segment,impressions
"DEMO Age A25 Plus, CLT 1P Pet Supplies Plus LIFESTYLE Pets Exclusion",131290585
DEMO Age A25-54,53153078
CUSTOM FOOD Grocery Delivery Services,40494460
AUTO Intenders,39956867
"AUTO Intenders, DEMO Age A25-54",35410265
"CUSTOM DEMO Homeowner and HH Income 200K Plus, HH Homes Built Before 2015",33755276
DEMO Homeowner,33051661
CUSTOM Blue Bell Ice Cream Shoppers,32562641
DEMO Age A45 Plus,31490488
"LIFESTYLE Medical or Vocational Interest, DEMO Age F18-34",30870680
DEMO Age A25 Plus,30489365
DEMO Age F25-54,29759099
"CLT 1P Lennar Homes Buy Sell Home, HH Income 75K Plus",27624947
FIN Legal Services,26164652
RETAIL Home Products Garden Mowers and Farm Equipment,25828772
DEMO Spanish Speakers,24252861
DEMO Ethnicity African American,23715210
"HH Income 50K Plus, AUTO Intenders Expanded, DEMO Age A25-54",22294909
DEMO Age A18-49,22199031
"DEMO Age A25 Plus, ENT Casino Player",20614757
"DEMO Age F25-54, RETAIL Home Furnishing Intender",19497102
RETAIL Home Services HVAC,19095427
Custom Personal Injury Lawyer Intender,17553932
"DEMO Homeowner, HH Income 150K Plus",16806696
ENT Casino Player,16596420
CLT Navy Federal Credit Union Lookalike,16174976
HH Children in Household,16104954
CLT 1P Lennar Homes_Buy Sell Home and HHI 75k Plus,15990125
Lennar Homes Website RT,15918602
"DEMO Age A25 Plus, CLT 1P Lennar Homes Buy Sell Home, HH Income 150K Plus",15479371
"CLT 1P NFCU December Audiences Look Alike, LIFESTYLE Military Families",14384147
DEMO Age F25 Plus,14248261
"AFIRST Outdoor Adventurers, HH Children in Household, DEMO Age A25-54",13943014
"DEMO Spanish Speakers, CLT 1P Lennar Homes Buy Sell Home AND HHI 50k Plus",13930839
CUSTOM AUTO Intenders Expanded,13885601
CLT 1P Navy Federal Credit Union Members Only,13790881
"RETAIL Sofas and Chairs, DEMO Age F45 Plus, HH Income 100K Plus",13774443
"HH Income 100K Plus, DEMO Homeowner",13611117
"CLT 1P Wild Animal Sanctuary Net Worth 2M Plus and Charity Wildlife, DEMO Age F45 Plus",13112321
"DEMO Spanish Speakers, LIFESTYLE Medical or Vocational Interest, DEMO Age F18-34",12938697
AUTO Make Subaru Intenders Expanded,12876568
DEMO Age A25-64,12817621
"AUTO Intenders, DEMO Age A25 Plus",12669273
"DEMO Age A25 Plus, CUSTOM Out West",12446534
"LIFESTYLE Vocational School, DEMO Age M18-34",12397567
CLT 1P Lennar Homes Pixel,12365525
DEMO Age A35 Plus,12239058
"CLT 1P NFCU Q2 2026 LAL, LIFESTYLE Military Families",12189376
DEMO Age A21-44,12097911
HH Children Ages 0-12,12072943
"DEMO Age A35 Plus, CLT 1P Morris Jenkins Heating",11637461
DEMO Senior Living Care,11052976
ENT Cord Cutters,10720079
"HH Income Less than 125K, ENT Cord Cutters",10349405
CUSTOM AUTO Subaru CrossTrek Honda HRV Intender,10267564
Finance - Banking Intenders,10185059
LIFESTAGE Job Seeker,10094408
WEB RT- Trane LMG,9501412
"HH Income 150K Plus, RETAIL Home Products Mattress",9453122
"DEMO Age M18-49, LIFESTYLE Vocational School",9350738
Lennar Homes Web Retargeting - New Pixel,9230802
"HH Income 125K Plus, RETAIL Home Furnishing Intender, DEMO Age F35 Plus",8861205
"HH Income 75K Plus, DEMO Homeowner",8623074
"DEMO Age A35-64, HH Income 50K Plus, AUTO Truck Intenders",8532868
"DEMO Education College Some, DEMO Age A25-54",8405768
RETAIL Home Furnishing Intender,8403629
AUTO Type Owner,8343763
"AUTO Type Owner, DEMO Age A25-54",8234801
"DEMO Age A25 Plus, LIFESTYLE Pets",8118322
"HH Income 150K Plus, HLTH Products Vision, DEMO Age A35-54",8107225
DEMO Career Construction Workers,8098225
CUSTOM DEMO Career Self Employed excl BCBS,8043422
HH Income Less than 100K,8029291
RETAIL Sofas and Chairs,7698351
HLTH Mental Health,7667324
"DEMO Age A35 Plus, DEMO Homeowner",7609633
"CLT 1P NFCU December Audiences Look Alike, Lifestyle Military",7576714
"HH Income Less than 75K, Custom Personal Injury Lawyer Intender",7541824
DEMO Age A35-64,7501858
"DEMO Age F35-64, DEMO Homeowner",7428266
DEMO Age A21 Plus,7424304
RETAIL Home Furnishing,7411051
"HH Income Less than 125K, DEMO Age A25-54",7380242
"AUTO Intenders, FIN Credit Score Mid to High",7337606
CUSTOM SDC Compact Midsize Crossover Hybrid EV SUV,7299525
"DEMO Age M18-54, Auto Enthusiasts",7274432
HH Income 100K Plus,7189419
"DEMO Age A21-44, AFIRST Travel Buffs and Sightseers",7064825
"DEMO Homeowner, DEMO Age F35 Plus",7031264
"SPORTS Enthusiasts, DEMO Age A25-54, HH Children Ages 9-17",7003278
CUSTOM Back Neck and Feet Pain,6975578
"DEMO Homeowner, HH Income 200K Plus",6895923
"CUSTOM FOOD Mexican, DEMO Age A18-49",6890296
CUSTOM Out West,6825277
"DEMO Age A25 Plus, CLT 1P Lennar Homes Buy Sell Home, HH Income 100K Plus",6757164
"Lifestyle Green, AUTO Electric Intenders",6747018
"LIFESTYLE Commuters, AUTO Electric Intenders",6746944
"RETAIL Home Furnishing Intender, HH Income 125K Plus",6731171
SPORTS Football,6728381
"LIFESTYLE College Courses, DEMO Age A18-49",6615446
DEMO Age F35 Plus,6593392
CUSTOM AUTO Subaru Distributors Corporation Small SUV Crossover Intender,6322264
"AUTO Intenders, HH Income 50K Plus",6299486
"DEMO Homeowner, DEMO Age F25-54, HH Income 100K Plus",6200110
DEMO Career Blue Collar,6132008
"DEMO Age A35-64, HH Income 75K Plus, AUTO Truck Intenders",6097885
"CUSTOM HH Home Built Before 2014 and DEMO Homeowner, RETAIL Home Services Foundation Repair",6060465
HH Income Less than 75K,5823263
"DEMO Homeowner, RETAIL Home Services HVAC",5818244
HH Income 150K Plus,5742404
"DEMO Age A25-54, Custom Personal Injury Lawyer Intender",5735038
"DEMO Age A35 Plus, HH Homes Built Before 2015, HH Income 150K Plus",5673661
LIFESTAGE College Planning Parents,5669481
"HH Income 100K Plus, HH Children in Household",5576868
Auto Enthusiasts,5509873
"CUSTOM DEMO Homeowner AND HH Income 150K Plus, RETAIL Home Services Pest Control",5502968
LIFESTYLE Charity,5414866
"DEMO Age A25 Plus, DEMO Homeowner",5413842
LIFESTAGE Prospective College Students,5401097
CLT 1P LMCU Aff Tech Up and Coming,5324136
"DEMO Age A35 Plus, HH Income 100K Plus",5276151
"HH Children Ages 0-12, DEMO Age A25-54",5275232
"DEMO Age A25-54, FIN Legal Services",5217522
"DEMO Age A35 Plus, CLT 1P Morris Jenkins Plumbing_RETAIL Home Services Plumbing",5148854
"DEMO Homeowner, FIN Credit Score Mid to High",5104768
AUTO Make Toyota Intenders,5096686
"HH Income 75K Plus, AUTO Truck Intenders OR SUV Intenders",5077148
"DEMO Age A35 Plus, LIFESTYLE Health Wellness, HH Home Value 750K Plus",5016942
DEMO Career Business Owner General,5009944
SPORTS Golf,5008816
"RETAIL Home Services Windows Doors, HH Home Built Before 2010",4979222
CLT 1P Lennar Homes_DEMO Renter and HHI 75k Plus,4962809
"AUTO Intenders, AUTO Make Subaru",4871416
HH Home Built Before 2014,4871379
CLT 1P Lennar Homes Expecting and HHI 75k Plus,4816857
AFIRST Travel Buffs and Sightseers,4809599
"DEMO Age A25-54, CLT 1P WAEPA Gov Workers Excluding Military",4800183
"HH Income 100K Plus, RETAIL Home Products Mattress",4784959
AUTO Make KIA,4756428
"LIFESTYLE Health Fitness, HH Income 100K Plus",4728166
CUSTOM AUTO Luxury Vehicle Intenders Expanded,4671005
"HH Income 50K Plus, DEMO Age A21 Plus, CLT 1P Lennar Homes_DEMO Renter",4661184
"DEMO Age A55 Plus, CLT 1P Inland Group Home Renter Intender, HH Net Worth 250K Plus",4625715
"DEMO Age A45 Plus, CLT 1P Toms Mechanical OR DEMO Homeowner and HHI 150k Plus, CLT 1P Toms Mechanical OR HH Homes Built Before 2015",4616280
"CLT 1P Lennar Homes Buy Sell Home, DEMO Age A25-64, HH Income 100K Plus",4556773
"HLTH Conditions Sleep, HH Income 100K Plus",4553892
"HH Income 100K Plus, HH Children None",4551661
HH Children Ages 16-18,4502085
"DEMO Age A45 Plus, HH Income 150K Plus",4444627
LIFESTYLE Pets,4372918
"DEMO Age A35 Plus, DEMO Homeowner, HH Homes Built Before 2015",4336268
"AUTO Intenders, HH Income 75K Plus",4311682
"DEMO Age A35 Plus, AUTO Intenders Pickup",4310576
"DEMO Age A21 Plus, FIN Banking Intenders",4293499
"DEMO Age A25 Plus, HH Income Under 60K",4273900
"DEMO Age A35-64, HH Income 50K Plus, AUTO Body Style SUV Intender",4240917
"DEMO Age A25-64, Lifestyle Music, TRAVEL Casino",4208791
FIN General In Mkt Shopper,4185527
"Lifestyle Outdoors, FIN Credit Score Mid to High",4167014
CLT 1P WAEPA Gov Workers Excluding Military Job Seeker,4152766
AUTO Drivers,4150164
"DEMO Age F35-64, RETAIL Cosmetic Procedures",4149288
RETAIL Home Services Plumbing,4126656
"HH Income 75K Plus, AUTO Intenders Expanded",4059612
CLT 1P LMCU Up Midlife TSS Emp Nest,4054741
"DEMO Age A35-64, HH Homes Built Before 2015, DEMO Homeowner and HHI 100k Plus",4051289
"DEMO Age A35 Plus, ENT Casino Player",4039990
"DEMO Age A30 Plus, RETAIL Home Furnishing Intender",4009976
AUTO Type Used Intender,4005002
DEMO Age A55 Plus,3998159
"HH Home Built Before 2010, DEMO Homeowner",3994743
HH Income Less than 150K,3921105
"CUSTOM DEMO Homeowner AND HH Income 150K Plus, HH Home Value 500K Plus",3917601
"HH Income 50K Plus, DEMO Spanish Speakers, CLT 1P Lennar Homes Buy Sell Home",3907090
"HH Income 100K Plus, RETAIL Home Furnishing",3893000
"HH Income 50K Plus, RETAIL Sofas and Chairs, DEMO Age F45 Plus",3879621
"CUSTOM Blue Bell Ice Cream Shoppers, DEMO Age A25-54",3841601
"DEMO Career Self Employed, HLTH Insurance Blue Cross Blue Shield",3788331
"ENT Casino Player, DEMO Age A25-54",3704211
DEMO Age F35-64,3681257
"DEMO Homeowner, DEMO Age A35-64",3674247
TRAVEL Casino,3670964
HH Income 75K Plus,3670055
AUTO Ford Intenders,3655230
LIFESTYLE Public Transportation,3640753
AUTO Hybrid Intenders,3625249
"HH Home Value 400K Plus, DEMO Age F35-64, CUSTOM Residential Renovation and Repair",3622652
FIN Banking and Mortgage Intenders,3603868
CUSTOM Frequent Drivers Prone to Accidents,3594593
"DEMO Age A35-64, HH Income 75K Plus, AUTO Body Style SUV Intender",3573787
"HH Income 75K Plus, AUTO Body Style SUV Intender",3544773
AFIRST Budget Conscious Shoppers,3533645
"AFIRST Travel Buffs and Sightseers, DEMO Age A25-49",3507289
"HH Income 50-200K, DEMO Age A25-54, AUTO Insurance Owners",3485058
"DEMO Senior Living Care, DEMO Age A45 Plus",3481204
"DEMO Age A35 Plus, DEMO Homeowner, HH Home Built Before 2014",3466591
"ENT Casino Player, DEMO Age A25-64",3435143
DEMO Age A18 Plus,3428909
"DEMO Ethnicity African American, CUSTOM New Home Buyer, DEMO Age A25-54",3400392
HLTH Conditions Hearing,3388465
DEMO Ethnicity Heritage Hispanic,3371869
"HH Income 75K Plus, RETAIL Home Products Appliances",3364499
"DEMO Age A18-24, DEMO Ethnicity African American",3345908
HH Income Less than 50K,3340237
CLT 1P Dorsey Detroit F18-34,3322952
"Education - Vocational School, HH Income Less than 50K",3302092
"DEMO Age A21 Plus, TRAVEL Casino",3296682
"FOOD Mexican, RETAIL Seasonal Halloween",3291258
"DEMO Age F25-49, FIN Banking Intenders OR FIN Credit Union Members",3286658
"LIFESTYLE Pets Horses, DEMO Age F45 Plus, LIFESTYLE Charity Environment or Wildlife",3285527
"HH Income 150K Plus, RETAIL Home Services HVAC",3281247
"DEMO Age A35 Plus, HH Income 150K Plus",3280884
AUTO Body Style Pickup and SUV,3248734
"DEMO Homeowner, DEMO Age A25-64, HH Income 50-200K",3214990
"DEMO Age A35 Plus, HH Homes Built Before 2015, HH Income 100K Plus",3197284
"RETAIL Sofas and Chairs, HH Income 100K Plus, DEMO Age F45 Plus",3174904
"CLT 1P Lennar Homes_Buy Sell Home and HHI 75k Plus, DEMO Spanish Speakers",3173162
"DEMO Age A25-64, TRAVEL Weekend, HH Income 150K Plus",3153344
AUTO Electric Intenders Expanded,3147103
"HH Income 75K Plus, RETAIL Sofas and Chairs, DEMO Age F45 Plus",3131640
LIFESTYLE Pets Dogs OR Cats,3127733
"FOOD Mexican, FOOD Casual Sit Down",3119917
"LIFESTAGE Higher Education Intender, DEMO Age A18-49",3109323
"DEMO Age A35 Plus, LIFESTYLE Health Wellness, HH Home Value 500K Plus",3084402
RETAIL Home Services Windows Doors,3057423
"HH Income 75K Plus, TRAVEL Intender",3017912
HH Income Less than 125K,3015557
"HLTH Emergency Services, HLTH Insurance Blue Cross Blue Shield",3007759
"AUTO Type Foreign Expanded, HH Income 75K Plus",2980227
"DEMO Age M18-54, Auto Enthusiasts, Lifestyle DIY",2973886
"DEMO Age A25-64, SPORTS Horse Racing",2970521
"HH Income 100K Plus, DEMO Age F25-54",2962976
"HH Income 100K Plus, RETAIL Home Services Home Improvement",2959634
CLT 1P Resound Networks Prospects 2026,2948951
"DEMO Age F35-64, CUSTOM DEMO Homeowner AND HH Income 150K Plus, RETAIL Home Services Flooring",2935376
CUSTOM HH Dwelling Single Family AND DEMO Homeowner,2933208
FIN Banking Intenders OR FIN Credit Union Members,2925391
"DEMO Age A45 Plus, FIN Credit Score High, HH Dwelling Single Family",2918161
"RETAIL Home Products Appliances, DEMO Age A25-54",2913324
CLT 1P Resound Networks Prospects,2910721
"DEMO Age M18-54, AUTO Service DIY, Auto Enthusiasts",2910619
HLTH CRX DX Alcohol Opioid Dependency,2892143
FOOD QSR Pizza,2890791
DEMO Age M18-34,2884830
AFIRST Sports Super Fans,2870472
"DEMO Age A25 Plus, HH Income 50K Plus",2862676
"HH Income 150K Plus, RETAIL Home Furnishing",2862004
"DEMO Age A25 Plus, Lifestyle Charity",2850232
"DEMO Age M25-54, Auto Enthusiasts",2845888
AUTO Truck Intenders OR SUV Intenders,2838146
"HH Income 150K Plus, HLTH Dentures and Implants",2809759
DEMO Age F18-34,2809393
"AUTO Intenders, DEMO Age A21 Plus",2788503
POL Premion Likely Voter,2746196
"LIFESTYLE Charity Environment or Wildlife, LIFESTYLE Pets Horses",2736414
"DEMO Age A45 Plus, CLT 1P Renewal by Anderson Single Family Dwelling AND Credit Score High",2727731
"DEMO Age A35-64, HH Income 50K Plus, AUTO Intenders Pickup",2717809
"DEMO Age A35 Plus, HH Dwelling Single Family, FIN Credit Score Mid to High",2702374
RETAIL Home Products Mattress,2688204
"CUSTOM DEMO Senior Living Care Estate Planning Caregiver, HH Income 125K Plus",2672459
"DEMO Homeowner, HH Home Built Before 2014",2669826
AUTO Type New Intender Expanded,2643676
AUTO Make Honda Intenders Expanded,2641415
"HH Home Value 400K Plus, DEMO Age A25-64",2625826
CLT 1P Dorsey Detroit M18-34,2589496
"HH Home Built Before 2010, HH Home Value 300K Plus, DEMO Age A35-54",2588246
"HLTH Private Insurance, HLTH Orthopedics",2587656
"DEMO Age A35 Plus, RETAIL Home Services Home Improvement, HH Income 100K Plus",2585908
"DEMO Homeowner, HH Income 125K Plus",2567958
"DEMO Age A35 Plus, DEMO Homeowner, HH Income 100K Plus",2554184
AUTO Make Ford,2549660
CUSTOM DEMO B2B Manufacturing Engineering,2546944
"DEMO Age A45 Plus, HH Home Value 750K Plus, HH Home Built Before 2010",2545607
"DEMO Age A25 Plus, AUTO Type Used Intender",2544531
"HH Children in Household, DEMO Age F25-54",2517591
"HH Home Value 150K Plus, LIFESTAGE Buy Sell Home",2513273
"TRAVEL Luxury Beach, HH Income 150K Plus, DEMO Age A25-54",2510251
"CUSTOM Honeymooners and TRAVEL Luxury Beach, HH Income 150K Plus, DEMO Age A25-54",2510250
"CUSTOM HH Children in Household and TRAVEL Luxury Beach, HH Income 150K Plus, DEMO Age A25-54",2510185
"CUSTOM DEMO Age A25-75 and Children in HH, DEMO Ethnicity Heritage Hispanic",2507294
LIFESTYLE Party Planner,2505274
"DEMO Age A45-64, CUSTOM DEMO Senior Living Care Estate Planning Caregiver",2500730
"DEMO Age A35 Plus, HH Income 150K Plus, RETAIL Home Services Home Improvement",2494661
"HH Income 75K Plus, FIN Online Banking",2494312
"LIFESTAGE New Mover or Homeowner, RETAIL Home Services Pest Control, DEMO Homeowner",2487959
"CLT 1P Lennar Homes Buy Sell Home, HH Income 150K Plus",2487854
FIN Business Industry Agriculture,2474941
RETAIL Construction Landscape Farm HE Equip,2473051
"LIFESTAGE College Planning Parents, DEMO Age A35-54",2437391
"DEMO Age M35 Plus, Auto Enthusiasts",2433075
"DEMO Spanish Speakers, AUTO Make Lexus",2429942
"HH Income 175K Plus, HLTH Conditions Sleep",2424342
"HH Income 175K Plus, HH No Children",2418268
AUTO Body Style SUV Intender Expanded,2412843
"DEMO Age A25 Plus, HLTH Urgent Care Intenders",2410805
AUTO Make Honda Intenders,2388556
DEMO Age A65 Plus,2387343
"HH Income 175K Plus, LIFESTYLE Health Fitness",2385736
SPORTS Enthusiasts,2382879
"DEMO Age A21 Plus, CLT 1P Lennar Homes Buy Sell Home AND HHI 50k Plus",2372127
CLT 1P Morris Jenkins Heating Age 35 Plus And Homeowners 3 Years Plus,2367301
"HH Income 65k Plus, RETAIL Home Products Mattress",2364382
"DEMO Age A25 Plus, HH Income 75K Plus, CLT 1P Lennar Homes Buy Sell Home",2352065
DEMO Age M25-54,2350687
HLTH Dentures and Implants,2350427
"DEMO Age A35-64, HLTH Preventative Care, HLTH Private Insurance",2349751
"DEMO Age F35-64, RETAIL Cosmetic Procedures, HH Income 250K Plus",2344121
AUTO Make Toyota,2338319
"DEMO Age A30 Plus, HH Home Value 250K Plus",2334137
"DEMO Homeowner, HH Homes Built Before 2015, HH Income 150K Plus",2334129
ENT Performing Arts,2320686
AUTO Type Used Intender Expanded,2319974
"HH Income 50K Plus, CLT 1P Lennar Homes Buy Sell Home, DEMO Age A21 Plus",2302921
LIFESTYLE Lottery Sweepstakes,2295319
"DEMO Age A25 Plus, AUTO Domestic SUV Intenders",2293431
CLT 1P Rutter Mills Frequent Drivers Prone to Accidents,2290468
"HH Income 75K Plus, RETAIL Home Services Plumbing",2284908
"RETAIL Home Services Windows Doors, HH Home Value 750K Plus",2274527
"DEMO Age A21 Plus, ENT Casino Player",2269758
FIN Services Retirement Planning,2266381
"HH Income Less than 100K, AUTO Insurance Owners",2266020
"CUSTOM New Construction Home Intender Next 12 Months OR Homeowner, HH Income 100K Plus",2251075
"CUSTOM Home Buyer First Time OR New Construction Home Intender Next 12 Months, HH Income 100K Plus",2250950
"DEMO Homeowner, DEMO Age A45 Plus, HH Income 150K Plus",2249920
"DEMO Age A45 Plus, HH Home Value 750K Plus, LIFESTYLE Health Fitness",2240168
"AUTO Body Style Trucks, DEMO Age A25-54",2226092
"HH Income 150K Plus, RETAIL Home Services Windows Doors",2212901
"DEMO Age F35-64, HH Income 75K Plus, DEMO Homeowner",2208858
HH Net Worth 500K Plus,2197000
"DEMO Age F35-64, HLTH Conditions Pain, HH Income 100K Plus",2194268
"FIN Banking Intenders OR FIN Credit Union Members, DEMO Age A18-34",2193766
DEMO Age A50 Plus,2190018
FIN Services Mortgage,2184576
CLT 1P LMCU Blue Collar,2180195
"DEMO Age A25 Plus, HLTH Orthopedics",2171374
CUSTOM SPORTS NBA Dallas Mavericks,2171136
LIFESTYLE Boating,2166545
"DEMO Age F35-64, DEMO Homeowner, HH Income 100K Plus",2161303
"LIFESTAGE Higher Education Intender, DEMO Age A25-49",2152126
"HH Net Worth 2M Plus, RETAIL Home Furnishing",2151089
"LIFESTAGE Education Services, DEMO Age A25-49",2150083
"DEMO Age A21 Plus, CLT 1P Lennar Homes Buy Sell Home, HH Income 60k Plus",2143703
"DEMO Ethnicity African American, LIFESTYLE LGBTQ Community",2128211
HH Children Ages 2-11,2117625
"HH Children Ages 0-12, DEMO Age F25-54",2117238
"DEMO Age A35 Plus, LIFESTYLE Health Wellness",2104122
WEB RT-Out West Restaurant Group,2102357
AUTO Make Nissan,2102274
ENT General Interest,2096083
"HH Income Less than 50K, LIFESTYLE Vocational School, DEMO Age A18-34",2085816
"LIFESTYLE DIY, DEMO Homeowner",2079689
DEMO Age A45-64,2079213
"DEMO Age F35-64, RETAIL Cosmetic Procedures, HH Income 100K Plus",2076212
"DEMO Age A35-64, DEMO Homeowner, HH Income 100K Plus",2065741
LIFESTYLE Education Medical,2060377
HLTH CRX DX Obesity-Overweight,2056050
"AUTO Service Tires, DEMO Age A18-54",2051713
"DEMO Age A35 Plus, RETAIL Home Furnishing, HH Income 100K Plus",2033860
HH Children Ages 4-18,2026742
"DEMO Age A35-64, HH Income 75K Plus, AUTO Intenders Pickup",2019089
AFIRST Outdoor Adventurers,2018750
AUTO Make KIA Intenders,2017682
"DEMO Age A50 Plus, TRAVEL Leisure",2010705
"HH Children in Household, TRAVEL Road Trips",2010623
"AFIRST Millennial Minded, TRAVEL Intender",2010552
FIN Services Loan,2006687
"CUSTOM SPORTS NBA Dallas Mavericks, Custom Personal Injury Lawyer Intender",2002205
AUTO Make Subaru Intenders,1983953
"HH Home Built Before 2010, HH Income 100K Plus",1979254
AUTO Make Honda,1971176
"DEMO Age A35-64, CUSTOM DEMO Homeowner AND HH Income 150K Plus, HH Homes Built Before 2015",1969992
"DEMO Age A35 Plus, ENT Performing Arts",1966816
"HH Income Less than 125K, DEMO Age A35-54",1966355
"DEMO Age F25-54, LIFESTAGE New Mover or Homeowner",1963730
"Lifestyle Outdoors, DEMO Age M25-64, AUTO Owner Truck",1962813
"DEMO Homeowner, HH Net Worth 250K Plus",1957496
"AUTO Intenders, CUSTOM SPORTS NBA Dallas Mavericks",1954083
"HH Income 150K Plus, AUTO Type Luxury",1954038
"LIFESTYLE New Movers, HH Income 100K Plus",1949791
"AFIRST Parents, DEMO Age M18 Plus",1946854
"DEMO Homeowner, Retail Home Services - Roofing Only",1933324
CUSTOM Pool Intender,1931304
"DEMO Age A35-64, HH Income 75K Plus, DEMO Homeowner",1929328
RETAIL Home Appliance Intender,1923893
LIFESTYLE Bargain Shoppers,1915553
"AFIRST Movers Fixers and DIYers, RETAIL Home Services Home Improvement",1913043
"FIN Rental Property Owner, DEMO Career Contractor",1912826
"HH Net Worth 500K Plus, DEMO Senior Living Care",1909186
"AUTO Ford SUV or Truck Intenders, FIN Credit Score Mid to High",1907202
"HLTH Dental, DEMO Age F25-54",1903288
"AUTO Type Owner, DEMO Homeowner",1898119
"DEMO Age A55 Plus, CLT 1P Inland Group Home Renter Intender AND HHI Net Worth 250K Plus",1896365
"DEMO Age F21-49, LIFESTYLE Education Nursing School",1877242
"CUSTOM AUTO Intenders Expanded, DEMO Age A25-54",1873383
FIN Loan Auto,1858947
"DEMO Homeowner, HH Property Half Acre Plus",1856143
"DEMO Homeowner, DEMO Age A25-54",1847950
"DEMO Age A35 Plus, Lifestyle Charity",1840424
"DEMO Age A35-64, HLTH CRX DX Sports Injury_Knee_Hip Revision",1838807
LIFESTYLE Vocational School,1836865
"HH Income 75K Plus, DEMO Age A35 Plus, HH Homes Built Before 2015",1832658
"AUTO Type Owner, DEMO Age A18-49, AUTO Service Repair",1827883
AUTO Vehicle Year 2020 or Older,1823250
"DEMO Age A21-64, HH Income Less than 100K",1823228
HH Children Ages 6-17,1807934
LIFESTYLE Medical or Vocational Interest,1806003
"HH Home Value 750K Plus, HH Income 200K Plus",1803314
"HH Income 150K Plus, LIFESTYLE Charity",1793427
AUTO Type Electric Expanded,1792491
FIN Services Investments,1791053
"DEMO Age A25 Plus, CUSTOM AUTO Domestic Truck Intenders",1786666
"AUTO Type Owner, DEMO Age A21-54",1778640
"DEMO Age A35 Plus, LIFESTYLE Lottery Sweepstakes",1778538
"HH Home Value 500K Plus, HH Home Built Before 1995",1777990
"DEMO Age F18-44, CUSTOM Recent Birth or Planning Birth",1776588
CUSTOM HLTH Heart or Stroke Conditions,1776484
"CUSTOM HLTH Overweight Weight Loss Interest, DEMO Age A35-54",1776443
"HH Home Built Before 2010, HH Home Value 300K Plus",1776286
"DEMO Homeowner, HH Dwelling Single Family",1763867
"DEMO Age A35-64, CUSTOM DEMO Homeowner AND HH Income 150K Plus",1741413
"CUSTOM DEMO Senior Living Care Estate Planning Caregiver, DEMO Age A25-49",1731342
AUTO Make Volkswagen,1724792
"CUSTOM HLTH Insurance Medicare or Medicaid or Uninsured, HH Income Less than 50K",1723415
"CUSTOM DEMO Homeowner and HH Income 200K Plus, CUSTOM Pool Intender",1711696
"CLT 1P Lennar Homes_Buy Sell Home and HHI 75k Plus, DEMO Age A21-54",1706955
SPORTS College Football,1706696
DEMO Age A18-44,1706677
"LIFESTYLE Holistic, DEMO Education High School",1699426
CUSTOM Spanish Speaker and Career Self Employed excl BCBS members,1697498
CUSTOM ABC Luxury Lifestyle,1692323
"AUTO Truck Intenders OR SUV Intenders Expanded, HH Income 75K Plus",1691987
HH Income 250K Plus,1686392
"AUTO Intenders Pickup Expanded, FIN Credit Score Mid to High",1685083
"LIFESTYLE Health Wellness, DEMO Age A25-54",1678741
"CUSTOM DEMO Homeowner AND HH Income 150K Plus, CLT 1P Turner Pest Control",1677507
"DEMO Age A25 Plus, HH Home Built Before 2014, HH Home Value 300K Plus",1677274
"DEMO Age A35 Plus, LIFESTYLE New Movers, HH Income 100K Plus",1675392
"LIFESTYLE Vocational School, DEMO Age A18-34",1674560
AUTO Intenders Pickup,1672792
"AUTO Make Toyota Intenders, DEMO Age A25-54",1663407
DEMO Career Insurance Agents,1663203
AFIRST Parents,1659799
"CLT 1P WAEPA DEMO Career Govt Employee Excluding Military, DEMO Age A25-54",1658025
AUTO Chevrolet Intenders Expanded,1656777
RETAIL Home Products Appliances,1648140
"DEMO Age A55 Plus, HH Net Worth 500K Plus, LIFESTAGE Retired",1648035
ENT Fairs and Festivals,1647051
AUTO Truck OR Jeep Intenders,1633979
"DEMO Age A21 Plus, AUTO Type Electric Expanded",1631801
"DEMO Age A25 Plus, HH Children in Household",1630999
"DEMO Age A35 Plus, HH Income 75K Plus",1628942
"FIN Credit Score Mid to High, AUTO Intenders Pickup",1624152
FIN Credit Union Intenders,1621486
"DEMO Age F35-54, HH Income 150K Plus, RETAIL Home Furnishing Intender",1609630
"HH Home Value Less than 400K, DEMO Homeowner",1594767
"RETAIL Home Services Electrical, DEMO Homeowner",1593464
"CUSTOM HH Home Built Before 2014 AND RETAIL Home Services HVAC, RETAIL Home Services Home Improvement",1591691
"DEMO Age A35-64, ENT Casino Player",1590733
"DEMO Homeowner, HH Homes Built Before 2015",1586367
"AUTO Insurance, HH Income Less than 150K",1585355
"AUTO Intenders, DEMO Age A18-49",1584831
CLT 1P Fascinations Marital Status Engaged,1583179
CLT 1P Fascinations Apparel Athletic,1583123
CLT 1P Fascinations Marital Status Married,1583064
"HLTH Lasik Surgery Intender, DEMO Age A18-34",1580118
"DEMO Age A35-64, AUTO Truck Intenders, HH Income 100K Plus",1579264
"FOOD Takeout and Online Delivery, AFIRST Gamers and Tech Junkies",1574426
"DEMO Age F35-54, DEMO Homeowner",1569697
"DEMO Age A35 Plus, RETAIL Bathroom Remodeling",1569624
"DEMO Age A35 Plus, AUTO Truck Intenders",1569590
CUSTOM ABC Home General Audience,1569064
"FOOD Casual Sit Down, CUSTOM FOOD Mexican",1564991
"HH Income 50K Plus, CLT 1P Lennar Homes Buy Sell Home, DEMO Age A25-54",1563898
AUTO Body Style Pickup,1562077
DEMO Career Teachers and Educators,1561519
"DEMO Homeowner, LIFESTYLE Pets",1560781
"FIN Investable Assets 1Mil Plus, FIN Services Retirement Planning",1558043
"DEMO Age F25 Plus, RETAIL Home Furnishing Intender",1557675
"HH Home Value 600K Plus, HH Home Built Before 2010",1552157
CLT 1P Vernon Heating HH Home Built Before 2005 And Dwelling Single Family,1551941
HLTH Cancer,1551084
"HH Home Value 600K Plus, DEMO Age A45 Plus, HH Home Built Before 2010",1548896
"HLTH Insurance Intender or Researcher, DEMO Age A18-64",1548463
DEMO Age M35 Plus,1548288
RETAIL Cosmetic Procedures,1536604
"HH Income 75K Plus, FIN Services Retirement Planning",1534047
AUTO Chevrolet Intenders,1532813
AUTO Domestic SUV Intenders,1525606
"HH Income 75K Plus, TRAVEL Family, DEMO Age A25-54",1524790
"AUTO Intenders Pickup, HH Income 75K Plus",1514909
SPORTS General,1512564
"DEMO Age A25 Plus, HH Income 200K Plus, HLTH Conditions Sleep",1510330
"RETAIL Home Services Windows Doors, DEMO Homeowner",1507386
"RETAIL Home Services HVAC, RETAIL Home Services Home Improvement",1504961
"DEMO Age A25 Plus, HLTH Conditions Sinus, HH Income 200K Plus",1504955
"HH Income 150K Plus, CUSTOM Lifestyle Furniture Shopper",1500514
"DEMO Age A18-49, AUTO Drivers",1499466
"DEMO Career Blue Collar, LIFESTAGE Job Seeker",1497727
"DEMO Career Self Employed, DEMO Spanish Speakers, HLTH Insurance Blue Cross Blue Shield",1496756
CLT 1P Morris Jenkins Heating Age 35 Plus and HHI 400k Plus,1486439
CLT 1P Morris Jenkins Heating A35 Plus And HHI 100k OR 500 Net Worth Plus,1486307
"DEMO Age F25-49, HLTH Conditions, HH Income 100K Plus",1482851
AUTO Make Toyota Intenders Expanded,1479072
HH Children Ages 13-18,1473607
CUSTOM Lifestyle Furniture Shopper,1471876
RETAIL Home Services Backyard,1463349
DEMO Age M18 Plus,1459710
FOOD Bev Wine,1452459
CUSTOM SPORTS WNBA Fans,1449230
"AUTO Body Style SUV, FIN Credit Score High",1448988
"HH Income 100K Plus, RETAIL Home Services Roofing Siding",1448691
"DEMO Ethnicity African American, LIFESTAGE College Planning Parents",1446561
"HH Income 200K Plus, DEMO Age F45 Plus",1446540
"HH Income 75K Plus, RETAIL Home Furnishing",1445906
"DEMO Age A55 Plus, HH Net Worth 1M Plus, FIN Services Retirement Planning",1441745
"FIN Banking Intenders, HH Income 250K Plus",1441474
LIFESTYLE Green,1437624
CUSTOM AUTO Domestic Truck Intenders,1436352
"RETAIL Home Services Windows Doors, HH Income 100K Plus",1435713
"HH Net Worth 750K Plus, LIFESTAGE Retired",1435411
HLTH CRX DX Opioid Dependency,1435008
AUTO Body Style SUV Intender,1430423
"HH Income 150K Plus, CUSTOM DEMO Senior Living Care Estate Planning Caregiver",1427693
"DEMO Age F25 Plus, LIFESTYLE Health Wellness Weight Loss",1421502
"CLT 1P NFCU December Audiences Look Alike, LIFESTYLE Military Families, Lifestyle Military",1411944
"DEMO Age M35 Plus, AUTO Intenders Pickup",1407043
"HH Children Ages 4-12, Demo Religion Christian",1399305
DEMO Career Contractor,1397609
"DEMO Age A25 Plus, AUTO Insurance Owners",1390058
"DEMO Senior Living Care, DEMO Age A65 Plus",1388498
AUTO Type Used Expanded,1384264
CUSTOM AUTO Used Intender OR Vehicle Less Than 20K,1379171
"DEMO Age F35-64, CUSTOM HLTH Back Pain",1376967
"DEMO Spanish Speakers, FIN Credit Score Mid to High",1366002
AUTO Luxury Vehicle Intenders,1363358
"HH Net Worth 1M Plus, DEMO Age F55 Plus",1359323
AUTO Make Subaru,1358845
"DEMO Age A25 Plus, HH Children Ages 5-15",1351492
"DEMO Career Healthcare Nurse, LIFESTAGE Job Seeker",1350414
"AUTO Make Buick GMC and Chevy, FIN Credit Score Mid to High",1348876
AFIRST Movers Fixers and DIYers,1343833
AUTO Make Buick and GMC,1342574
FIN Business IT Decision Makers,1341662
"AUTO Body Style SUV Expanded, FIN Credit Score High",1334814
"CUSTOM RETAIL Seasonal Halloween, CUSTOM FOOD Mexican",1334780
"DEMO Spanish Speakers, DEMO Age M18-54, Auto Enthusiasts",1333993
"DEMO Age A25-64, AUTO Service Repair",1333187
"HH Homes Built Before 2015, HH Home Value 300K Plus",1332304
"AUTO Intenders, DEMO Age A25-64",1330735
"HH Income 125K Plus, DEMO Age A55 Plus, CUSTOM DEMO Senior Living Care Estate Planning Caregiver",1329941
AUTO Make Ford Expanded,1324799
"DEMO Age A35-64, HLTH Preventative Care Dental",1323737
Rutter Mills Address List,1320546
LIFESTYLE Health Wellness Weight Loss,1319096
"AUTO SUV AND TRUCK INTENDERS, DEMO Age A35 Plus",1317187
LIFESTAGE Grandparent,1308759
AUTO Service Expanded,1306429
"RETAIL Home Services Windows Doors Siding, HH Income 125K Plus",1305791
"DEMO Age A18-24, DEMO Ethnicity African American, LIFESTAGE Prospective College Students",1302454
"LIFESTYLE Music, TRAVEL Casino",1302170
"DEMO Homeowner, LIFESTYLE Solar Energy",1300579
"ENT Casino Player, DEMO Age A45 Plus",1300496
CLT 1P Resound Networks Residential Prospects,1295947
"DEMO Age A25 Plus, HH Income 50K Plus, AUTO Intenders",1295900
AUTO Make Hyundai Intenders,1295298
DEMO Career Business Owners Executives,1295229
"HH Income 150K Plus, HH Children in Household",1293822
"CUSTOM Pool Hot Tub Outdoor Furniture Intender, HH Income 150K Plus",1293648
"DEMO Age A45 Plus, CUSTOM DEMO Senior Living Care Estate Planning Caregiver",1293567
"HH Home Value 250K Plus, HH Home Built Before 1980",1291312
B2B Construction,1288317
"FIN Credit Score High, AUTO Make Subaru Intenders Expanded",1285826
"DEMO Age A50 Plus, HH Home Value 300K Plus",1281800
RETAIL Generator,1279202
"DEMO Age A45-64, HH Income 150K Plus, HLTH Denture Intenders",1279199
"HH Income Less than 100K, DEMO Age A18-54, DEMO Career Blue Collar",1279136
Females Age 25-49,1278506
"CLT 1P Lennar Homes Buy Sell Home, HH Income 100K Plus",1278303
"CUSTOM Health Medicare, DEMO Age A65 Plus",1270333
"DEMO Age A25 Plus, AUTO Ford Intenders",1269246
"LIFESTYLE Bargain Shoppers, DEMO Age A21-49",1267225
"HH Income 100K Plus, FIN Services Retirement Planning",1260118
"CUSTOM Bayway Auto Group SUV Intender, HH Income 100K Plus",1258721
"HH Income 100K Plus, AUTO Luxury Vehicle Intenders",1252527
AUTO Make Chevrolet,1252171
"CLT 1P Morgan Exteriors RETAIL Home Services Windows Doors Siding, LIFESTAGE Homeowners 5 Years Plus",1246246
HLTH CRX DX Asthma Allergies,1245654
HH Home Value 250K Plus,1240321
"DEMO Age F21-49, HH Income Less than 35K",1240192
"HH Income 125K Plus, AUTO Truck Intenders OR SUV Intenders",1240089
"HH Home Value 1M Plus, RETAIL Home Remodel",1238928
AUTO Type Used,1237764
"FIN Services Investments, DEMO Age A35-54, HH Income 250K Plus",1232014
"ENT TV Viewer, DEMO Age F25-54",1228307
"DEMO Age A35 Plus, RETAIL Home Products Mattress",1227546
"LIFESTYLE Bird Watching, DEMO Age F35 Plus",1220120
"DEMO Age A25 Plus, CUSTOM Casino and Weekend Traveler Rewards Loyalist",1219422
"AUTO Intender Mid-Size SUV Intender, FIN Credit Score Mid to High",1218422
"LIFESTAGE Higher Education Intender, DEMO Age A18-34",1216601
FIN Credit Score Mid to High,1210500
"AUTO Make Subaru, DEMO Age A25-54",1209041
AUTO Service,1204414
"HH Income 150K Plus, HLTH Denture Intenders",1202807
"SPORTS Washington Commanders Fans, FIN Banking and Mortgage Intenders",1202126
"DEMO Age A35 Plus, HLTH Dentures and Implants, FIN Credit Score Mid to High",1200821
"HH Income 100K Plus, DEMO Age A25 Plus",1195888
"AFIRST Outdoor Adventurers, FIN Credit Score High",1194890
AFIRST Luxury Shoppers,1190872
"DEMO Age A25-44, LIFESTAGE Home Buyer, HH Income 100-200K",1190510
"AUTO Intenders, DEMO Spanish Speakers",1185449
"HH Net Worth 1M Plus, CUSTOM Charitable Donors, DEMO Age F55 Plus",1184600
"DEMO Age A21 Plus, Custom Personal Injury Lawyer Intender",1182120
HLTH Orthopedics,1177810
AUTO Make KIA Intenders Expanded,1176112
"DEMO Career Employed, DEMO Age A18-64",1173670
"DEMO Age A18-24, AFIRST Millennial Minded",1170247
"CLT 1P North Carolina Blumennthal Performing Arts ENT Performing Arts Wicked 2025, DEMO Age F35 Plus, HH Income 100K Plus",1153867
CUSTOM Ronald McDonald OR LIFESTYLE Charity Childrens Causes,1153001
"DEMO Spanish Speakers, Auto Enthusiasts, DEMO Age M18-54",1151135
HH Children Ages 0-6,1146793
HH Home Value 500K Plus,1143523
"CUSTOM DEMO Senior Living Care Estate Planning Caregiver, HH Income 100K Plus",1143231
"HH Home Built Before 2000, DEMO Homeowner",1142837
"DEMO Age A25 Plus, AUTO Make Hyundai Intenders",1141970
HH Home Value Less than 150K,1139686
SPORTS Winter Olympics,1138943
"DEMO Age A45 Plus, HH Income 100K Plus",1131639
DEMO Age A18-64,1130690
"DEMO Age A35-64, HH Income 50K Plus, AUTO Intenders Pickup Expanded",1129441
"HH Income 125K Plus, HLTH Lasik Surgery Intender, DEMO Age A25-54",1129404
"DEMO Homeowner, LIFESTYLE Snowmobiling OR Skiing",1129322
"DEMO Age A45 Plus, HH Dwelling Single Family, FIN Credit Score High",1129185
"DEMO Homeowner, LIFESTYLE Interior Design",1124485
"DEMO College Student, DEMO Age F21-49, LIFESTYLE Education Nursing School",1120655
"LIFESTYLE Solar Energy, RETAIL Home Services Roofing Only, HH Income 250K Plus",1119346
HLTH CRX DX Dentures_Gum Disease,1118771
"DEMO Career Healthcare, DEMO Education HS OR Some College",1111959
"DEMO Age A35 Plus, RETAIL Home Furnishing Intender, HH Income 100K Plus",1108809
"DEMO Spanish Speakers, AUTO Make Toyota Expanded",1107599
"HH Home Built Before 2010, HH Home Value 200K Plus",1107249
"HLTH Preventative Care, HH Income Less than 50K",1104778
"AUTO Make Toyota, DEMO Spanish Speakers",1103110
RETAIL Home Services Plumbing and Heating,1103108
"DEMO Homeowner, HH Income 200K Plus, HH Home Built Before 2010",1102751
"AUTO Body Style Pickup and SUV, AUTO Make Buick and GMC",1100468
"DEMO Age A35 Plus, HLTH Preventative Care Dental",1099476
"DEMO Education High School, DEMO Age A18-49, HH Income Less than 75K",1095888
"DEMO Age A35-64, HH Income 100K Plus",1095797
"DEMO Age F25 Plus, HH Income 200K Plus, RETAIL Cosmetic Procedures",1092477
"DEMO Age A35 Plus, RETAIL Luxury Home Remodel Furnishing",1092184
"DEMO Age F25-49, HH Children in Household",1087654
RETAIL Lawn and Garden Homeowner,1081247
"FIN Services Retirement Planning, HH Income 250K Plus",1080744
"AUTO Intenders, HH Income 100K Plus",1079019
Lifestyle Skiing and Snowboard Interest,1075360
"RETAIL Home Services Windows Doors, DEMO Age F35 Plus",1074268
HLTH Conditions Foot Care,1074251
"HLTH Cancer, DEMO Age A35 Plus",1073500
"HH Income 150K Plus, RETAIL Home Services Backyard",1071703
"DEMO Age A21-34, HLTH Lasik Surgery Intender, HH Income 150K Plus",1069660
"DEMO Age A45 Plus, LIFESTYLE Health Wellness, HH Home Value 750K Plus",1069275
RETAIL Home Services Roofing Only,1068696
"AUTO Type New SUV Intender, FIN Credit Score High",1068278
"DEMO Age A35 Plus, RETAIL Home Furnishing Intender",1065670
"DEMO Homeowner, RETAIL Home Services HVAC, HH Income 100K Plus",1065587
"FIN Credit Union Members, FIN Banking Intenders",1062471
"AUTO Owner Commercial Vehicle, DEMO Career Business Owners Executives Small",1061197
"DEMO Age A35 Plus, AUTO Truck Intenders OR SUV Intenders",1058533
CUSTOM DEMO Age A25-75 and Children in HH,1058077
"HLTH Glasses and Contact Lenses, DEMO Age A35-54, HH Income 250K Plus",1055478
"HH Children in Household, DEMO Age A25-54",1054106
"HH Home Built Before 2000, LIFESTAGE Buy Sell Home",1050603
"DEMO Age A21 Plus, DEMO Career Blue Collar and Job Seeker",1048040
LIFESTYLE Outdoors Hunting,1045600
"HH Income 75K Plus, CUSTOM AUTO Body Style Sedan OR SUV Intender",1044794
"HH Income 75K Plus, DEMO Age A45 Plus",1044323
AFIRST Millennial Minded,1044175
"DEMO Age A25-64, AUTO Intenders Pickup",1041171
TRAVEL Leisure,1039959
AUTO Make CDJR,1037926
RETAIL Fashion Fine Jewelry,1034879
Political - Left-Leaning Voter,1034547
"Lifestyle Nightlife, DEMO Age A25-64",1032806
"HH Children in Household, DEMO Age F18 Plus",1030515
"HH Dwelling Single Family, FIN Credit Score High",1029672
"DEMO Age A35-64, HH Income 150K Plus, LIFESTAGE New Mover or Homeowner",1029641
"HH Income 125K Plus, RETAIL Home Services Flooring",1026906
HH Net Worth 1M Plus,1026854
"DEMO Age F35-64, RETAIL Home Furnishing Intender",1025127
"DEMO Age A35 Plus, CUSTOM RETAIL Kitchen Bathroom Home Renovations",1024590
"DEMO Age A25 Plus, HH Home Value 150K Plus, HH Home Built Before 2014",1022932
"AUTO Truck Intenders Expanded, CUSTOM SPORTS NBA Dallas Mavericks",1020284
"HLTH Dentures and Implants, FIN Credit Score Mid to High",1018367
AUTO Make Mazda,1013749
"DEMO Age F35-64, ENT Performing Arts",1013711
"LIFESTYLE Gen Z, HH Income 100K Plus",1008785
AUTO HH 3 Plus Vehicles,1008770
LIFESTYLE Outdoors,1008397
"HH Home Value 250K Plus, HH Home Built Before 2005, DEMO Age A35-54",1006736
AUTO Intenders - SUV,1005933
"RETAIL Bathroom Remodeling, DEMO Homeowner",1005715
AUTO Make Honda Expanded,1003158
"DEMO Age A25-54, FIN Loan Auto",1000967
HH Income 50K Plus,1000726
"DEMO Age A25 Plus, AUTO Make Volkswagen, AUTO Intenders",1000272
"AFIRST Luxury Shoppers, DEMO Age A35 Plus, RETAIL Home Furnishing Intender",999311
"CUSTOM City of Mesa, TRAVEL Intender",997916
CUSTOM City of Mesa,997611
RETAIL Home Remodel,994168
RETAIL Furniture Appliances Mattress Electronics,992402
DEMO Age F35-54,989021
"AUTO Make Volkswagen, AUTO Type New SUV Intender",987841
"DEMO Age A35-64, HH Home Value 750K Plus, HH Income 200K Plus",985326
"DEMO Age A35 Plus, RETAIL Home Services Windows Doors, HH Home Value 250K Plus",984863
HH Children Ages 4-12,984162
"CUSTOM Home Built Before 2010 And Home Services Windows Doors, HH Home Value 300K Plus",983702
"DEMO Age A25 Plus, FOOD QSR or Casual Sit Down",981629
"DEMO Age A35 Plus, HH Dwelling Single Family, LIFESTYLE New Movers",979210
"DEMO Age A35 Plus, HH Dwelling Single Family, HH Home Built Before 2000",979203
"LIFESTYLE Bargain Shoppers, Lifestyle Charity",975224
"AUTO Make Subaru, DEMO Age A25-64",974271
"DEMO Age A25 Plus, AUTO Body Style SUV Intender",971493
"AUTO Make Buick GMC and Chevy Expanded, FIN Credit Score Mid to High",971373
"HH Home Built Before 2010, HH Dwelling Single Family",971229
CLT 1P American Diabetes Association Obesity,971136
SPORTS NBA,970529
"HH Income 75K Plus, DEMO Age F25-54",968809
"HH Home Built Before 2010, HH Home Value 500K Plus",964391
"DEMO Age A35 Plus, CUSTOM DEMO Homeowner AND HH Income 150K Plus, HH Home Value 500K Plus",963197
"DEMO Age M45 Plus, LIFESTYLE Holistic, HH Income 250K Plus",960668
"AUTO Luxury Vehicle Intenders, AUTO Lease Expiring",960319
"HH Home Value 500K Plus, AUTO Body Style SUV Intender",959857
"FIN Legal Services, DEMO Career Blue Collar",959390
"DEMO Age A25 Plus, AUTO Intenders Pickup",959211
"DEMO Age A35-64, HH Income 75K Plus, AUTO Intenders Pickup Expanded",942857
"DEMO Age A35 Plus, HLTH Conditions Sinus, HH Income 100K Plus",941752
"HH Income 150K Plus, RETAIL Outdoor Furniture, RETAIL Home Garden Pool",941724
"CLT 1P BKV-BPP Retail DEMO Homeowner, HH Income 100K Plus",941003
"HH Income Less than 50K, HLTH Insurance Medicaid or Uninsured",939421
"DEMO Age A35 Plus, TRAVEL Luxury, HH Income 200K Plus",939306
"LIFESTAGE Expecting Mothers, HH Children Ages 0-5, DEMO Age A18-49",938900
CUSTOM AUTO Intenders Pickup Expanded,938583
CUSTOM Home Builder Contractor,938568
LIFESTYLE Volunteerism,935608
"DEMO Age A25 Plus, HH Home Value 500K Plus, RETAIL Outdoor Furniture",934787
"DEMO Age A25 Plus, AUTO Make Toyota Intenders",932327
"LIFESTYLE Commuters, DEMO Age A25-54",932151
"DEMO Age A35 Plus, HH Home Value 750K Plus",931942
"HH Dwelling Single Family, DEMO Age F35 Plus",929915
"HH Income 125K Plus, DEMO Age A35 Plus",926093
DEMO Age M21-34,925649
"DEMO Age A18 Plus, FIN Banking Intenders",922652
"HH Net Worth 2M Plus, CLT 1P Pond Roofing HH Dwelling Single Family",919672
"SPORT Events Visitors, SPORTS Golf",916445
HH Dwelling Single Family,911702
"HH Income Less than 75K, DEMO Age A25 Plus",910516
ENT Movies,909391
"DEMO Age A45 Plus, LIFESTYLE Health Fitness, HH Home Value 500K Plus",908279
CLT 1P TDS Telecom FIBER AND OOT EMILY,907876
"DEMO Age A25 Plus, ENT Performing Arts",907862
"DEMO Age A35-64, Lifestyle Charity",906668
"HH Income 75K Plus, AUTO Body Style SUV Intender Expanded",904054
"AUTO Luxury Vehicle Intenders, AUTO Body Style SUV",902945
"HH Income 150K Plus, HLTH Glasses and Contact Lenses",902459
"HH Income 125K Plus, HLTH Lasik Surgery Intender, DEMO Age A25-49",902104
"LIFESTYLE Farming and Agriculture, DEMO Age M18-54, HH Income 100K Plus",901984
"DEMO Age A35 Plus, HH Home Built Before 2010, RETAIL Home Services Roofing Only",901116
"DEMO Age A25-64, HH Income 150K Plus, RETAIL Home Products Mattress",897740
"AUTO Type Owner, DEMO Age A25-49",895828
"DEMO Family Caregiver, HH Children Ages 15-21",894633
"AFIRST Parents, DEMO Career Teachers and Support Staff",894592
CLT 1P Dorsey Taylor Vocational School and F18-34,893803
"LIFESTAGE College Planning Parents, HH Children Ages 15-18",893290
"DEMO Age A25-64, AUTO Make Subaru Expanded",892131
"HH Home Value Less than 250K, DEMO Age F45 Plus, RETAIL Home Services Backyard",890766
"DEMO Age F35-54, RETAIL Home Furnishing",890698
"DEMO Age A35 Plus, DEMO Homeowner, HH Home Value 300K Plus",890123
"HH Income 100K Plus, AUTO Type Luxury",889357
HH Children Ages 11-18,888470
"DEMO Age A25 Plus, Lifestyle Green",888443
"DEMO Age A35-64, AUTO Body Style SUV Intender, HH Income 100K Plus",887987
DEMO Age F18 Plus,885399
"DEMO Age A25 Plus, AUTO Electric Intenders",884890
"HH Net Worth 500K Plus, DEMO Age A65 Plus, LIFESTAGE Retired",884642
"HLTH Conditions Sinus, CUSTOM Health Medicare, DEMO Age A65 Plus",884271
"DEMO Age A30-45, AFIRST Parents, HH Children Ages 4-12",882927
HLTH Insurance Prospects and Decision Makers,881665
"HH Income 75K Plus, HH Children in Household",881515
"HH Income 75K Plus, HH Property 5 Acres Plus",877590
CLT 1P Ezee Fiber Serviceable Addresses,875977
"HH Income 75K Plus, RETAIL Home Services HVAC",875633
"HH Income 150K Plus, CUSTOM Japanese Auto Masters",874613
"DEMO Age F25-49, LIFESTAGE Mothers",874297
"DEMO Age A65 Plus, HLTH Medicare Intenders",873925
"DEMO Age A35-64, HH Income 50K Plus, AUTO Ford Intenders",873335
"FIN Credit Score Mid to High, AUTO Body Style SUV Intender",871401
"DEMO Homeowner, DEMO Age F35 Plus, RETAIL Home Remodel",870674
LIFESTYLE Education Nursing School,868908
"HH Income Less than 50K, HLTH Insurance Uninsured",867583
HH Children Ages 15-18,865820
HH Children and Grandchildren in Household,864398
"RETAIL Lawn and Garden Homeowner, HH Income 150K Plus",862544
"CUSTOM DEMO Homeowner AND HH Income 150K Plus, HH Homes Built Before 2015",861997
"CUSTOM HLTH Dental AND Cosmetic Procedure, HH Income 100K Plus",861553
"HH Income 150K Plus, AUTO RV Intenders",861448
HH New Home Build,860832
"HH Home Value 150K Plus, HH Home Built Before 1980",859106
"RETAIL Home Products Garden Mowers and Farm Equipment, HH Income 50K Plus",854258
AUTO Make Lincoln,853835
CUSTOM Casino and Weekend Traveler Rewards Loyalist,853505
"DEMO Age F35 Plus, AUTO Make Nissan Expanded",852893
"AUTO Type New Intender, DEMO Age A25-54",851732
"RETAIL Home Services Plumbing, RETAIL Home Services Home Improvement",851399
"AUTO Intenders, FIN Credit Score Low",851062
"LIFESTAGE Retired, HH Net Worth 500K Plus",850350
DEMO Education High School,848297
CLT 1P Resound Networks Texas,846733
"HH Home Value 750K Plus, HH Home Built 2010 or Newer",845939
"HH Net Worth 1M Plus, Lifestyle Charity",845458
LIFESTAGE Home Buyer,844650
"HH Income 125K Plus, AUTO Luxury Vehicle Intenders Expanded",844583
"DEMO Age A35-64, AFIRST Budget Conscious Shoppers",842666
FIN Services Credit Card,842257
"FIN Banking and Mortgage Intenders, FIN Investable Assets 25K Plus",841065
"DEMO Age A35-64, HH Income 150K Plus, HH Home Value 500K Plus",840912
HH Children Ages 5-15,840524
"HH Dwelling Single Family, HH Home Built Before 2014",840390
"DEMO Age F35-64, HH Income 100K Plus",837404
"RETAIL Home Services Foundation Repair, DEMO Homeowner",837245
DEMO Career Healthcare Nurse,837010
AUTO Make Jeep,837006
"AUTO Ford Intenders, AUTO Intenders Pickup",835836
"HH Home Built Before 2010, DEMO Age F35 Plus, HH Income 100K Plus",834455
"DEMO Age A25 Plus, HH Income Less than 150K",831601
AUTO Electric Intenders,830217
"DEMO Age F35-54, DEMO Education Psychology, DEMO Professional Women",829478
"DEMO Age A30 Plus, DEMO Homeowner",829338
"DEMO Age F35-54, DEMO Education Business, DEMO Professional Women",829139
AUTO Make Honda Hyundai Nissan Mazda Kia Toyota,827404
"DEMO Homeowner, RETAIL Home Services Roofing Only, DEMO Age F35 Plus",827121
DEMO Age A18-54,826854
"DEMO Age A35 Plus, LIFESTYLE New Movers",825755
"DEMO Age A55 Plus, CLT 1P Inland Group Home Renter Intender AND HHI Net Worth 250K Plus, CUSTOM DEMO Senior Living Care Estate Planning Caregiver",825701
"DEMO Homeowner, HH Homes Built Before 2020",825423
AUTO RV Intenders,824163
SPORTS Olympics,824076
FOOD Casual Sit Down,822749
"HH Income 50-100K, DEMO Age A18-49",822075
"HH Home Built Before 2010, LIFESTAGE Homeowners 5 Years Plus",821935
"HH Home Value 250K Plus, RETAIL Home Services Moving Company",821135
RETAIL Home Services Flooring,820875
"DEMO Education Bachelor, HH Income Less than 150K",820364
SPORTS College,820251
"HH Dwelling Single Family, CUSTOM DEMO Homeowner AND HH Income 150K Plus",816021
"DEMO Age A25-64, DEMO Homeowner",814326
"DEMO Age F35 Plus, HH Income 100K Plus",812147
"CUSTOM HLTH Private Insurance AND DEMO Age 40 Plus, HH Net Worth 500K Plus, HLTH Orthopedics",812143
"RETAIL Home Services HVAC, HH Dwelling Single Family",811203
"ENT News Viewers, DEMO Age M35-64, SPORTS General",808983
"DEMO Age F25-64, ENT Performing Arts",807891
"AUTO Intenders Pickup Expanded, AUTO Ford Intenders Expanded",804921
LIFESTAGE Education Services,804444
AUTO Intender Mid-Size SUV Intender,803475
"FIN Services Mortgage, FIN Services Loan",801413
"HH Income 75K Plus, DEMO Age F25 Plus, HH Children Ages 4-12",801361
"HH Net Worth 500K Plus, HH Home Built Before 2010",794179
"LIFESTAGE Mothers, ENT Theme Parks, ENT Waterparks",792331
FIN Business Owner Small,790725
"CUSTOM HH Income 100K Plus And DEMO Age F25-54, HH Children Ages 4-12, ENT Museums",790466
"ENT Performing Arts, DEMO Age F35 Plus",790109
"DEMO Age A25 Plus, DEMO Ethnicity African American, CUSTOM Adult Education OR Online Education Intenders",790048
"FIN High Home Equity Balance, CUSTOM FIN HELOC Intenders",789467
"HH Income 100K Plus, LIFESTYLE Charity",789042
"AUTO Service, RETAIL Home Services Home Improvement",787738
DEMO Career Govt Employee,785624
"DEMO Age A25 Plus, CUSTOM AUTO Intenders N K T H H M M S",783958
CLT 1P Nash Casino OR ENT Casino Player,783854
Pima Medical Institute_RFPID-258042_RT,782728
"FIN Services Loan Personal, LIFESTYLE Boats RVs Motorcycles",782035
"HH Home Value 750K Plus, HH Home Built Before 2010",781607
"HH Income 75K Plus, AUTO Body Style Pickup",781145
"FIN Loan Auto, LIFESTYLE New Movers",779190
"FIN Services Mortgage, LIFESTYLE New Movers",779151
FIN Services Equity Loan Holders,779018
"FIN Loan Auto, LIFESTAGE Prospective College Students",779010
"FIN Services Equity Loan Holders, LIFESTYLE New Movers",778961
"AUTO Type New, DEMO Age A30 Plus, HH Income 100K Plus",778494
LIFESTAGE Wedding,777492
DEMO Career CEO Operations Management,777039
"DEMO Age A35 Plus, DEMO Homeowner, HH Home Built 2010 or Newer",776892
"FOOD Restaurant Enthusiasts, LIFESTYLE Music Concert Goers",776319
"DEMO Homeowner, HH Home Built Before 1980",776315
"CUSTOM DEMO Homeowner AND HH Income 150K Plus, RETAIL Home Services Windows Doors",775131
CLT 1P TDS Telecom CABLE and BEND,774685
"HH Children in Household, DEMO Age F35 Plus",771041
"AUTO Luxury Vehicle Intenders Expanded, FIN Credit Score High",770978
RETAIL Bathroom Remodeling,770660
"AUTO Make Honda, AUTO Intenders",767278
"DEMO Age A35 Plus, HLTH Kidney Liver Disease Diabetes Hypertension",767126
"AUTO Luxury Vehicle Intenders, FIN Credit Score High",767047
DEMO Career Military Veteran,764281
"DEMO Age A35 Plus, HH Home Built Before 2005, HH Income 100K Plus",763959
"CUSTOM HH Income 60k Plus and Children in HH, DEMO Education Some College or Higher",758315
AUTO Body Style Trucks,758054
"RETAIL Salons and Spas, DEMO Age F25-64",757979
"DEMO Age A35-64, RETAIL Home Furnishing Intender",757682
"SPORTS General, HH Income Less than 100K",757157
"DEMO Homeowner, HH Children in Household",756637
CUSTOM RETAIL Funeral Services Estate Planning Caregivers,756546
"DEMO Age A25 Plus, AUTO Intenders Expanded",756312
"HH Income 150K Plus, CUSTOM HLTH Depression Anxiety",754412
"CUSTOM SPORTS NBA Dallas Mavericks, FIN Legal Services",754058
"DEMO Age A35-64, AUTO Luxury Vehicle Intenders, HH Income 80k Plus",751962
"DEMO Age F35-64, HLTH Private Insurance",751781
DEMO Age A60 Plus,751478
HH Home Value - $400K+,751074
"HH Home Built Before 2010 AND HH Homeowner, HH Income 200K Plus",750109
"HH Home Value 300K Plus, RETAIL Home Furnishing",749871
"HLTH Preventative Care, DEMO Career Military Veteran",747232
"AUTO Chevrolet Intenders, AUTO Owner Commercial Vehicle",746203
"HH Home Built Before 2010, HH Home Value 350K Plus, DEMO Age A35-54",745673
"TRAVEL Intender, HH Children in Household",745073
FIN Investable Assets 500K Plus,743949
"RETAIL Bathroom Remodeling, HH Income 150K Plus",743476
"DEMO Homeowner, HH Home Value 300K Plus",743255
"HH Income 150K Plus, DEMO Senior Living Care",742362
"DEMO Education High School, DEMO Age A25-49",741363
"DEMO Education High School, DEMO Age A18-49",741322
"HH Income 100K Plus, RETAIL Home Furnishing Intender",739586
"DEMO Age A45 Plus, HH Homes Built Before 2015, HH Income 150K Plus",731716
AUTO Owner Commercial Vehicle,731462
CUSTOM High Risk Mesothelioma,730717
"LIFESTAGE Higher Education Intender, DEMO Education Bachelor",729691
"AUTO Truck Intenders Expanded, HH Income 100K Plus",729228
"HH Income 150K Plus, HH Home Value 500K Plus",727624
"RETAIL Home Furnishing Intender, DEMO Age F35 Plus",726678
CUSTOM AUTO Make Honda Hyundai Nissan Mazda Kia Mitsubishi,722044
"DEMO Age A25 Plus, AUTO Make Chevrolet",720956
"DEMO Homeowner, DEMO Age F25-64, HH Income 100K Plus",720863
"AUTO Make Subaru Intenders Expanded, AUTO Body Style SUV Intender Expanded",719772
"DEMO Age A18 Plus, RETAIL Home Furnishing Intender",719136
"DEMO Age F30-60, HH Income 100K Plus",718495
Auto Make RAM,717554
HH Net Worth 2M Plus,717317
"HH Income 75K Plus, CLT 1P Lennar Homes_DEMO Renter",715386
DEMO Age M35-64,714273
"DEMO Career White Collar Worker, DEMO Education Bachelor, DEMO Age A35-54",713814
"CLT 1P Lennar Homes Buy Sell Home, DEMO Age A21 Plus, HH Income 60k Plus",712111
"HH Home Value 400K Plus, RETAIL Home Services Windows Doors Siding Roofing Deck Patio",711400
"CUSTOM Auto Intender and Outdoor Enthusiast, HH Income 75K Plus",710845
"HH Income 100K Plus, DEMO Age M25-64",708319
RETAIL Beauty and Spa Products,708211
"LIFESTYLE Vocational School, DEMO Age F18-34",699960
FIN B2B Small Business,699758
HLTH Insurance Intender or Researcher,698946
"LIFESTYLE Music Country, LIFESTYLE Rodeo Enthusiasts",698715
"HH Income 100K Plus, RETAIL Home Services HVAC",697557
"HH Income 150K Plus, AUTO Luxury Vehicle Intenders",695152
"HH No Children, DEMO Age A18-34",690683
"DEMO Age A50 Plus, HLTH Conditions Pain",690680
"DEMO Age A50 Plus, FIN Services Retirement Planning, FIN Investable Assets 250k Plus",689537
RETAIL Home Services Home Improvement,687255
"DEMO Age A21 Plus, RETAIL Home Furnishing",687187
"HH Dwelling Apartment Condo Homeowner, DEMO Age A25-54",686248
"DEMO Age A35 Plus, RETAIL Home Services Home Improvement",685969
"DEMO Age A25 Plus, AUTO Intenders, AUTO Make Mazda",683614
"DEMO Age M18 Plus, HH Children in Household",682575
Pima Medical Institute_RFPID-258040_RT,682372
"FIN Credit Union Intenders, FIN Banking Intenders OR FIN Credit Union Members",681779
"SPORTS General, DEMO Age A18-34",680183
"AUTO Truck SUV Buick GMC, FIN Credit Score High",677746
"CUSTOM DEMO Marital Status Married and Children in HH, HH Net Worth 1M Plus",677179
RETAIL Home Services Painting,676949
AUTO Lease Expiring,676200
"HH Income 75K Plus, CUSTOM AUTO Intenders Pickup Expanded",675863
"DEMO Age A18 Plus, LIFESTYLE Lottery Sweepstakes",671789
DEMO Age F35-70,669647
HLTH Preventative Care Dental,669593
SPORTS UConn Huskies Fans,669057
TRAVEL Intender,668944
"DEMO Career Govt Employee, FIN Business IT Decision Makers",668741
"DEMO Age A35 Plus, DEMO Career CEO Operations Management",664312
AUTO Make Hyundai,662677
"DEMO Age A35-64, CUSTOM HH Dwelling Single Family AND DEMO Homeowner",662631
"DEMO Age A35 Plus, DEMO Career Property Project and Facility Management",661851
RETAIL Seasonal Christmas,661353
"DEMO Age F35 Plus, HH Children Ages 5-15",660005
"FIN Credit Score High, AUTO Make Lincoln Expanded",659852
"AUTO Make Toyota Expanded, AUTO Type New Intender Expanded",659679
"DEMO Age A35 Plus, DEMO Career Construction Workers",659268
DEMO Age F25-64,658114
"DEMO Homeowner, RETAIL Home Products Garden",657746
"AUTO Make Lincoln, FIN Credit Score High",657631
"CLT 1P Toms Mechanical OR HH Homes Built Before 2015, CLT 1P Toms Mechanical OR DEMO Homeowner and HHI 100k Plus",656793
CLT 1P GVEC Electric Cooperative AND Homeowner,656710
CLT 1P Earl Gray and Sons,656470
RETAIL Home Services Pest Control,655952
"Lifestyle Outdoors Hunting, DEMO Age M25-64",654833
"DEMO Age M25-64, HH Children Ages 12-17",651075
"HH Children in Household, ENT Fairs and Festivals",649738
DEMO Age F45 Plus,648540
FOOD QSR,648441
"HH Children in Household, DEMO Age A25-49",647127
"RETAIL Home Services HVAC, HH Home Built Before 2014",647102
"CUSTOM Homeowner AND Auto or Home Insurance, DEMO Age A25-54",646435
DEMO Marital Status Engaged,643985
"DEMO Age A35-64, HH Income 200K Plus",643019
"AUTO Type Luxury_ HHI 75K, AUTO Electric Intenders",642419
"AUTO Make CDJR, DEMO Age A25-54",641682
"DEMO Age A35 Plus, HH Home Value 500K Plus",641572
HLTH Depression Anxiety,640542
"DEMO Age A21-54, AUTO Make KIA Intenders",640482
"HH Income Less than 75K, DEMO Education College Some",640107
"HH Income Less than 75K, DEMO Education High School",640039
"DEMO Age A25-54, AUTO Make Jeep",639460
"DEMO Marital Status Married, HH Children Ages 13-17",638750
LIFESTAGE New Mover or Homeowner,637863
"DEMO Age A21 Plus, DEMO Ethnicity African American",635163
"ENT Museum and Art Enthusiasts, TRAVEL Intender",634384
"AFIRST Outdoor Adventurers, TRAVEL Intender",634383
"TRAVEL Intender, TRAVEL Road Trips",634378
"DEMO Age F35-54, DEMO Professional Women",633693
"DEMO Ethnicity BIPOC, DEMO Age F18 Plus",632789
"DEMO Age A30 Plus, DEMO Homeowner, HH Homes Built Before 2015",632481
"DEMO Age A35 Plus, HLTH Dentures and Implants",631774
"LIFESTYLE Thrill Seekers, HH Children in Household",630911
"AUTO Intenders, DEMO Age A35 Plus",629686
LIFESTAGE Higher Education Intender,628855
CUSTOM HLTH Insurance Medicare,628733
"AUTO Make Subaru Intenders, FIN Credit Score High",628500
DEMO Age A18-34,627088
"DEMO Age A25-64, TRAVEL Casino",626630
SPORTS Washington Commanders Fans,625240
"DEMO Homeowner, RETAIL Home Services Plumbing",625170
"TRAVEL Caribbean, TRAVEL Luxury and LIFESTAGE Wedding",624770
"DEMO Age A18-44, DEMO Career Blue Collar and Job Seeker",624396
"RETAIL Home Services Flooring, HH Income 150K Plus",623926
"HH Income 125K Plus, CUSTOM RETAIL Landscaping Home Remodeling",622989
"CUSTOM DEMO Senior Living Care Estate Planning Caregiver, HH Income 250K Plus",622586
"DEMO Age A18-44, HH Income Less than 150K",622152
"DEMO Age A35 Plus, HH Income 150K Plus, RETAIL Home Furnishing Intender",620398
"HH Home Heat Source Gas, DEMO Age A25-64",618570
"HH Income 75K Plus, RETAIL Home Furnishing Intender",617852
"DEMO Education Some College or Higher, DEMO Age A25-49",617713
"DEMO Age A25-64, HH Income 150K Plus, HH Children Ages 0-9",617690
"DEMO Age A25-54, RETAIL Home Services Repair Renovation",617066
"FIN Liquid Assets 500k Plus, DEMO Age A45 Plus, HH Income 250K Plus",616789
"DEMO Age A35-64, HH Income 75K Plus, AUTO Body Style SUV Intender Expanded",616645
LIFESTYLE Health Fitness,616615
"AFIRST Luxury Shoppers, DEMO Age F35-64",615167
"HH Income 50K Plus, AUTO Ford Intenders",614973
"DEMO Religion Catholic, DEMO Age A25-64",610297
"DEMO Age F35-64, HH Home Built Before 2010, HH Income 100K Plus",610295
"AUTO Intenders, AUTO Make Chevrolet",610161
"RETAIL Home Services Pest Control, DEMO Homeowner and HHI 100k Plus",609752
"DEMO Age A45 Plus, HLTH Glasses and Contact Lenses, HH Income 250K Plus",609452
"DEMO Age A45 Plus, CUSTOM HLTH Eyeglasses, HH Income 250K Plus",609422
AFIRST Gamers and Tech Junkies,608802
HLTH Orthopedic,608796
"TRAVEL Intender, DEMO Age A55-70",608058
CUSTOM DEMO Senior Living Care Estate Planning Caregiver,607894
"AUTO Body Style CUV, AUTO Intenders",607305
"AUTO Make CDJR, AUTO Intenders Pickup",607061
"AUTO Make CDJR, AUTO Body Style SUV Intender",607056
"HH Income 75K Plus, DEMO Age A35-64",606977
"HH Income 150K Plus, FIN Services Retirement Planning",606398
"HH Income 75K Plus, AUTO Type Used Intender",606133
HLTH Private Insurance,605371
CLT 1P Morris Jenkins Plumbing_RETAIL Home Services Plumbing,605357
"HH Home Value 150K Plus, HH Home Built Before 2014",602736
DEMO Age A25-49,601894
HLTH CRX DX Back Pain,601255
"FIN Credit Score High, HH Home Value 250-750K",600625
"FOOD Barbeque, CUSTOM SPORTS WNBA Fans",600139
"DEMO Age A45 Plus, HH Homes Built Before 2015",598865
DEMO Religion Christian,598423
CLT 1P Credit Union of Texas,598088
"HH Home Value 500K Plus, DEMO Age F45 Plus, RETAIL Home Services Backyard",598045
"RETAIL Home Services Windows Doors, HH Income 250K Plus",597320
"HH Income 150K Plus, LIFESTAGE Homeowners 5 Years Plus",595485
"CLT 1P Dallas Marathon LIFESTYLE Running, HH Children in Household",594474
DEMO Age A40 Plus,594008
"FIN Credit Score Mid to High, DEMO Age A18-49",593802
LIFESTYLE Powersports,592611
"CUSTOM SPORTS Athlete and Children in HH 16-18, SPORTS Football",591082
"DEMO Age A35-64, RETAIL Home Services Windows Doors",590427
CUSTOM DEMO Retired Gov Workers Excluding Military,590146
"CUSTOM DEMO Gov Workers Excluding Military, LIFESTAGE Job Seeker",590141
"DEMO Age A25 Plus, DEMO Homeowner, HH Income 150K Plus",590107
"DEMO Spanish Speakers, CLT 1P Lennar Homes_Buy Sell Home and HHI 75k Plus, DEMO Age A21-54",589562
"CLT 1P Lennar Homes Expecting and HHI 75k Plus, DEMO Age A21-54",588714
FIN B2B Commercial Property or Construction,586790
"DEMO Age F25-44, HH Children Ages 4-12, Demo Religion Christian",585713
"Lifestyle Outdoors, AUTO Intender Mid-Size SUV Intender",585382
"RETAIL Home Services Plumbing and Heating, DEMO Homeowner",584679
"HH Home Value 750K Plus, HH Dwelling Single Family",583939
"DEMO Age A25 Plus, AUTO Make Intenders Ford Chrysler Dodge Ram Chevy GMC",581953
HH Children Ages 12-17,580138
"DEMO Age A35-64, HH Income 75K Plus, Lifestyle Charity",579919
"AUTO Intenders, AUTO Make GMC",579105
"HH Income 100K Plus, RETAIL Home Services Repair Renovation",578741
"HH Income 125K Plus, FIN Credit Score High",578524
"DEMO Age A35-64, DEMO Homeowner, HH Income 100-250K",577520
"TRAVEL Weekend, ENT Fairs and Festivals",575642
"AUTO Make Cadillac Expanded, AUTO Electric Intenders Expanded",575557
"DEMO Age A25 Plus, AFIRST Outdoor Adventurers, TRAVEL Intender",575004
SPORTS NCAA Ohio State Buckeyes Fans,573576
"DEMO Age A50 Plus, RETAIL Home Services Windows Doors, HH Income 150K Plus",573554
HLTH Conditions Seasonal Allergies,572876
"DEMO Homeowner, HH Home Heat Source Gas",572271
"DEMO Age A35-64, HH Income 75K Plus, AUTO Ford Intenders",571607
"HH Income 75K Plus, RETAIL Home Products Mattress",571398
"POL Premion Republican Affiliation, POL Premion Likely Voter",569735
"LIFESTYLE Education Medical, DEMO Age A25-54",569693
FOOD Takeout and Online Delivery,569646
"HH Income 75K Plus, AUTO Make Hyundai Kia Toyota",569550
"WEB RT- Pella Carolina, Inc",568347
"Lifestyle Green, DEMO Age A25-49",568339
HH Home Value 350K Plus,568311
"DEMO Homeowner, RETAIL Home Services Windows Doors, DEMO Age A45 Plus",567757
"HH Income 75K Plus, AUTO Type Foreign",567402
"DEMO Age A55 Plus, FIN Services Retirement Planning",567363
"DEMO Age A35-64, LIFESTYLE New Movers",567255
"HH Income Less than 75K, DEMO Career Blue Collar",566864
AFIRST Foodies,566424
"DEMO Age A25 Plus, HH Dwelling Single Family",565528
"HH Income 150K Plus, FIN Insurance Homeowners",565377
"DEMO Age A55 Plus, HLTH Conditions Hearing, DEMO Career Blue Collar",564734
"DEMO Age A55 Plus, HLTH Physical Therapy",563492
"DEMO Age A25-64, FOOD Enthusiast",563209
"AUTO Body Style SUV, AUTO Body Style Pickup",562871
"HH Income 75K Plus, FIN Online Banking, DEMO Age A35-54",562286
"DEMO Age A21-34, HH Children in Household, DEMO Education Bachelor",562164
CLT 1P WAEPA DEMO Career Govt Employee Excluding Military,562058
"HH Children in Household, DEMO Education Bachelor, DEMO Age A35-54",561966
"DEMO Age A21-34, HH Income 75K Plus, FIN Online Banking",561831
"DEMO Age A35 Plus, CUSTOM HH Dwelling Single Family AND DEMO Homeowner",561122
"HH Home Value 400K Plus, DEMO Age A40 Plus, RETAIL Home Services Windows Doors Siding Roofing Deck Patio",558419
CLT 1P Dorsey Detroit HHI Less than 75K and F18-34,558255
"AUTO Body Style SUV Expanded, AUTO Make Honda Hyundai Nissan Toyota Expanded",557922
"DEMO Age A25 Plus, DEMO Homeowner, RETAIL Home Services Plumbing and Heating",556864
DEMO Age A21-54,556727
"DEMO Homeowner, FIN Credit Score High, RETAIL Generator",556165
"HH Home Value 750K Plus, DEMO Homeowner",555611
"AUTO Make Honda Hyundai Nissan Toyota, AUTO Body Style SUV",553314
AUTO Type Motorcycles,552249
"HH Income 75K Plus, DEMO Age A40 Plus",551849
"HH Home Value 300K Plus, HH Net Worth 500K Plus",551616
"HH Dwelling Single Family, FIN Credit Score Mid to High",551094
AUTO Make Cadillac,550905
AUTO Motorcycle Owner,549448
"LIFESTYLE Music Concert Goers, ENT Performing Arts",549078
"HH Income 100K Plus, FOOD Fine Dining",548997
"AUTO Make Chevrolet, AUTO Body Style Pickup and SUV",548521
"DEMO Age A35-64, HH Income 50K Plus, AUTO Body Style SUV Intender Expanded",548266
AUTO Body Style Pickup Expanded,547935
FIN Investable Assets 25K Plus,547655
"DEMO Spanish Speakers, AUTO Make Honda Intenders",546929
"DEMO Age A45 Plus, LIFESTYLE Pets - Horses, LIFESTYLE Charity Environment or Wildlife",546896
LIFESTYLE Local Events,546159
"DEMO Age A35 Plus, CUSTOM RETAIL Home Furnishing Mattresses Appliances",546017
"HH Home Built Before 1980, CLT 1P Pond Roofing HH Dwelling Single Family",545026
"HLTH Conditions Hearing, HH Income 100K Plus",544508
"RETAIL Home Remodel, HH Income 150K Plus",544271
"RETAIL Furniture Appliances Mattress Electronics, DEMO Age A35 Plus",544074
"LIFESTYLE Pet Adoption, LIFESTYLE Charity Animal Welfare",544062
LIFESTYLE Pet Adoption,541980
"DEMO Homeowner, HH Property Half Acre Plus, RETAIL Home Products Garden Mowers and Farm Equipment",540407
"DEMO Age A25-40, LIFESTYLE Career Changers",539941
"DEMO Age A35-64, HH Home Value 500K Plus",539891
"AUTO Ford Chevy Toyota Intenders, HH Income 75K Plus",539311
"DEMO Age A21 Plus, LIFESTAGE Higher Education Intender, DEMO Education Bachelor",539032
"AUTO Intenders, AUTO Make Toyota Intenders",537771
"DEMO Age A25-54, AUTO Body Style NEW Pickup",537301
"CUSTOM DEMO Homeowner and HH Income 200K Plus, RETAIL Home Furnishing Intender",536972
"DEMO Age A25 Plus, DEMO Ethnicity African American",536885
RETAIL Home Garden Hot Tub,536749
"AFIRST Parents, DEMO Age A25-44",536421
"RETAIL Home Services HVAC, HH Income 250K Plus",536100
"B2B Construction, RETAIL Construction Landscape Farm HE Equip",536026
"HH Home Value 400K Plus, HH Home Built Before 2010, HH Income 100K Plus",535931
"DEMO Spanish Speakers, HH Income Less than 30K",535841
"HH No Children, DEMO Age A25-54",533527
"HH Income 75K Plus, AUTO Make Subaru Intenders",532761
"AUTO Luxury Vehicle Intenders Expanded, AUTO Make Lexus",530401
"DEMO Age A21 Plus, AUTO Ford Intenders",529452
"AUTO Make Nissan, AUTO Make Toyota Intenders",529109
"RETAIL Home Services Windows Doors Siding, DEMO Homeowner",529090
"RETAIL Lawn and Garden Homeowner, DEMO Age A25-54",528980
"RETAIL Home Services Painting, DEMO Age A25-54",528937
"HH Children Ages 2-11, DEMO Age F18 Plus",528452
"AUTO Owner Ford, AUTO Vehicle Year 2022 or Older",525455
"DEMO Age F25-64, RETAIL Home Furnishing",524740
"DEMO Age A55 Plus, HH Net Worth 500K Plus",523559
"DEMO Spanish Speakers, HLTH Insurance Medicare or Medicaid",523493
AUTO Intender Mid-Size SUV Intender Expanded,523344
"AUTO Type Electric, AUTO Make Cadillac",522979
LIFESTAGE Homeowners 5 Years Plus,522500
"HH Children Ages 0-6, HH Income Less than 50K",522242
HLTH CRX DX Smoker,520961
CLT 1P American Diabetes Association,520014
DEMO Family Caregiver,520001
"HLTH CRX DX Alcohol Opioid Dependency, HH Income 200K Plus",518815
"DEMO Career Healthcare Nurse, LIFESTYLE Doctors and Nurses",517423
"DEMO Age A25-54, AUTO Body Style Pickup",516666
CLT 1P Resound Networks Current Customers 2026,516326
"AUTO Make CDJR, AUTO Intenders",516185
"DEMO Age A25-64, AFIRST Fitness Fanatics",516103
"HLTH Dental, CUSTOM LIFESTAGE Life Events",515343
"DEMO Age A35-64, DEMO Homeowners and HHI 75K Plus, HH Homes Built Before 2015",515257
"DEMO Age F25-64, RETAIL Cosmetic Procedures, LIFESTYLE Health Wellness Weight Loss",512895
"AUTO Intender Mid-Size SUV Intender, DEMO Age A25-54",512675
"DEMO Age A45 Plus, LIFESTYLE Charity Health",512628
RETAIL Home Services Plumbing Heating Electrical,512367
"DEMO Age A25-64, LIFESTAGE Buy Sell Home",512074
"DEMO Religion Catholic, HH Children Ages 15-18, HH Income 100K Plus",511622
"HH Income 250K Plus, Lifestyle Charity",511078
"AUTO Type New Intender, AUTO Type Luxury",510538
"DEMO Age A21 Plus, DEMO Career Blue Collar",509679
"DEMO Age A50 Plus, Lifestyle Music",509348
"HH Income 150K Plus, AUTO Body Style Truck and SUV",508940
ENT Museum and Art Enthusiasts,508277
"AUTO Intenders, HH Income 80k Plus",507734
"AUTO Make Audi, AUTO Type Electric",507349
CLT 1P Dorsey Saginaw HHI Less than 75K and F18-34,507134
CLT 1P Dorsey Saginaw HHI Less than 75K and M18-34,507134
"DEMO Age A35-70, HH Home Built Before 2010, HH Home Value 350K Plus",506299
"HH Income 75K Plus, CUSTOM DEMO Senior Living Care Estate Planning Caregiver",505809
"HH Home Value 200K Plus, DEMO Age A35-54",505797
"DEMO Age A55 Plus, HH Income 150K Plus, CUSTOM DEMO Senior Living Care Estate Planning Caregiver",504847
CUSTOM Homeowner with HVAC and HHI 75k Plus,504522
"DEMO Age A35-64, HH Income 150K Plus, CUSTOM Gallery Furniture Conquesting",504491
CLT 1P Healthtrax Health Fitness,503380
"DEMO Age F18-44, HLTH Insurance Uninsured",502198
"CLT 1P NFCU December Audiences Look Alike, Lifestyle Military, LIFESTYLE Military Families",502029
"DEMO Age A25 Plus, HH Income 75K Plus, RETAIL Home Services Plumbing and Heating",501994
"CUSTOM SPORTS NBA Dallas Mavericks, AUTO Intenders Pickup",501279
"HLTH CRX Osteoporosis Back Pain Spinal Injuries, HLTH Private Insurance",500737
CLT 1P Resound Networks Current Customers,500188
"DEMO Age A25-64, HH Income Under 60K",500021
"FOOD Bev Liquor, DEMO Age A21 Plus",498225
"DEMO Renter, DEMO Age F35 Plus",497752
"ENT General Interest, DEMO Age A25-54",496960
"DEMO Age A35 Plus, HH Home Value 200K Plus, HH Home Built Before 2000",496699
"DEMO Age A25 Plus, FIN Legal Services",496604
"DEMO Age A25 Plus, HH Home Value 250K Plus, HH Home Built Before 2014",495755
CUSTOM Health Medicare,495248
"DEMO Education Business, DEMO Education Post Graduate",493478
"DEMO Career Healthcare, DEMO Career Blue Collar",491766
"RETAIL Lawn and Garden Homeowner, DEMO Age F35-64",491608
HLTH Conditions Sinus,491331
SPORTS College Basketball,490979
"LIFESTAGE Job Seeker, HH Income Less than 50K",490380
"RETAIL Home Services Roofing Siding, CUSTOM HH Home Value 850K Plus, HH Dwelling Single Family",489075
"AUTO Chevrolet Intenders Expanded, DEMO Age A25-54",488360
"DEMO Age F25-64, HH Children in Household",487718
"HH Income 100-250K, LIFESTAGE Home Buyer, DEMO Age A25-54",487477
SPORTS World Cup Soccer Enthusiasts,486952
AUTO Make Nissan Expanded,486253
"HH Net Worth 500K Plus, RETAIL Home Remodel",484592
"DEMO Age A35-64, HH Income 125K Plus, DEMO Homeowner",484312
LIFESTYLE Antiques and Collectibles,483609
"HH Income 50K Plus, DEMO Age M35 Plus, RETAIL Construction Landscape Farm HE Equip",483514
"RETAIL Home Services Windows Doors Siding, HH Home Built Before 2014",483191
"HH Income Less than 125K, DEMO Age A35-54, HH Children Ages 12-17",481820
"HH Property 1 Acre Plus, HH Dwelling Single Family",481170
"HH Home Value 750K Plus, RETAIL Home Services Repair Renovation",481077
"DEMO Age A55 Plus, CUSTOM DEMO Senior Living Care Estate Planning Caregiver, HH Income 80k Plus",479730
AUTO Type Motorcycles Expanded,479516
"CUSTOM HH Dwelling Single Family and Lifestyle Dogs, DEMO Age F35-70, HH Income 100K Plus",479447
"CUSTOM DEMO Senior Living Care Estate Planning Caregiver, HH Income 80k Plus",479085
"HH Home Value 750K Plus, HH Income 150K Plus",478722
"LIFESTAGE Higher Education Intender, HH Income Less than 50K, DEMO Age A18-54",478478
"HH Income 50K Plus, AUTO Service",477977
"FOOD Bev Wine, DEMO Career Teachers and Educators",476848
"DEMO Age A25 Plus, HLTH Conditions Cold and Flu",476767
AUTO Make Audi,476181
"DEMO Age A21 Plus, HLTH Conditions",474581
"LIFESTYLE Vocational School, LIFESTYLE Education Nursing School",474572
"DEMO Age A45 Plus, HLTH Conditions Foot Care",474316
"SPORTS Enthusiasts, AFIRST Sports Super Fans",473509
"SPORTS General, LIFESTYLE New Movers",473408
"DEMO Age A55 Plus, HH Income 150K Plus, CUSTOM Gallery Furniture Conquesting",473001
"DEMO Age A55 Plus, HH Income 150K Plus, HLTH Conditions Pain",472986
"DEMO Age A55 Plus, HH Income 150K Plus, LIFESTAGE New Mover or Homeowner",472986
"DEMO Age A55 Plus, CLT 1P Lennar Homes_Lifestage Retired",472724
"SPORTS Hockey, SPORTS Enthusiasts",472384
"DEMO Age M25-54, DEMO Ethnicity African American",471669
CLT 1P Wild Animal Sanctuary Lookalike 2,470940
"AFIRST Outdoor Adventurers, HH Income 75K Plus",470637
CUSTOM AUTO Body Style SUV Expanded,470203
"DEMO Age A35 Plus, HH Home Value 300K Plus",469762
AUTO Make Buick and GMC Expanded,468950
"AFIRST Luxury Shoppers, DEMO Age F35-64, HH Income 150K Plus",468873
ENT Holiday Specials Viewers,468688
"CUSTOM HH Dwelling Single Family AND DEMO Homeowner, HH Homes Built Before 2020",468178
"AUTO Intenders, Lifestyle Green, DEMO Age A25-49",468036
"CUSTOM Lifestyle Furniture Shopper, DEMO Age F35 Plus, HH Income 100K Plus",467558
"HH Income 150K Plus, AFIRST Foodies",467086
"CUSTOM Beer and Nightlife Interest, TRAVEL Intender",466956
HLTH CRX DX Hearing Loss,466409
"HH Income 150K Plus, LIFESTYLE Cooking Enthusiast",465757
"AUTO Make Buick, AUTO Intenders",465736
"DEMO Age A35 Plus, DEMO Homeowner, RETAIL Home Services Roofing Only",465035
"AUTO Make Hyundai Intenders, DEMO Age A25-64",463921
"AUTO Make Ford, FIN Credit Score Mid to High",462035
"FIN Credit Score Mid to High, CUSTOM AUTO Body Style Sedan OR SUV Intender",461566
"FIN Credit Score Mid, CUSTOM AUTO Body Style Sedan OR SUV Intender",461382
"LIFESTAGE Retired, DEMO Homeowner",461372
HH Children Ages 5-17,461142
FOOD Enthusiast,460492
"DEMO Career Business Owners Executives Small, DEMO Age A25-54",459955
"FIN B2B Commercial Property Owner, DEMO Age A25-54",459840
"AUTO Truck Intenders OR SUV Intenders Expanded, HH Income 150K Plus",458546
"HH Income 75K Plus, LIFESTYLE Charity",457775
"HH Income 200K Plus, DEMO Age A40 Plus, RETAIL Home Services Windows Doors Siding Roofing Deck Patio",457715
"DEMO Age A25 Plus, HH Home Value 400K Plus, RETAIL Home Services Pest Control",457556
"DEMO Age A25 Plus, LIFESTYLE New Movers",457493
"HH Home Value 400K Plus, DEMO Age A35 Plus, RETAIL Home Services Pest Control",457472
"Lifestyle Nightlife, TRAVEL Intender",455825
"DEMO Marital Status Divorced, LIFESTAGE Buy Sell Home",454810
"DEMO Age F50 Plus, LIFESTAGE Retired",454327
"AFIRST Sports Super Fans, DEMO Age A21 Plus",454246
"HH Net Worth 250K Plus, DEMO Age F50 Plus",454239
"DEMO Homeowner, HH Home Value 500K Plus",452802
"HH Income 150K Plus, HH Home Value 300K Plus",451882
LIFESTAGE Retired,451441
"DEMO Age A35 Plus, DEMO Homeowner, HH Home Built Before 2000",451385
"CUSTOM Home Value 500K Plus and Lifestyle Solar Energy, RETAIL Home Services Roofing Only",450900
"SPORTS Golf, TRAVEL Leisure",450623
"ENT Internet Intenders, CUSTOM New Movers OR Likely to Move Or Homeowner",450219
"HH Income 150K Plus, CUSTOM RETAIL Home Furnishing AND LIFESTYLE New Movers",448973
"HH Home Value 300K Plus, DEMO Homeowner and HHI 100k Plus, HH Net Worth 500K Plus",448187
"AUTO Make GMC, AUTO Intenders Pickup",447805
"RETAIL Home Services Repair Renovation, CUSTOM DEMO Homeowner AND HH Income 150K Plus",446068
"DEMO Age A55 Plus, HH Net Worth 2M Plus",444524
"HH Income 50K Plus, AUTO Make Honda",443869
LIFESTAGE Buy Sell Home,443799
"DEMO Ethnicity BIPOC, DEMO Age F18 Plus, DEMO Ethnicity Heritage Hispanic",443477
"DEMO Age A35 Plus, HH Income 200K Plus, LIFESTYLE Health Wellness Weight Loss",443215
"RETAIL Cosmetic Procedures, DEMO Age F45-64, HH Income 250K Plus",442419
"HH Income 75K Plus, RETAIL Home Appliance Intender",442258
"DEMO Age A45 Plus, LIFESTYLE Health Wellness, HH Home Value 500K Plus",441380
CUSTOM RETAIL Home Furnishing Mattresses Appliances,437894
"DEMO Age F21-54, HH Children in Household",437677
"DEMO Age A35 Plus, HH Home Built Before 2014, HH Home Value 300K Plus",437613
"HH Income 75K Plus, DEMO Age A35 Plus, RETAIL Home Services Home Improvement",437538
"DEMO Age A21-64, LIFESTYLE Antiques and Collectibles",437016
"DEMO Age A25 Plus, HH Income Less than 100K, AUTO Insurance Owners",434717
"HH Home Built Before 2010, HH Property Type Garages",434021
"DEMO Age A35 Plus, DEMO Homeowner, HH Home Built Before 2010",434003
CLT 1P Dorsey Detroit HHI Less than 75K and M18-34,433612
"CUSTOM HH Dwelling Single Family AND DEMO Homeowner, HH Home Built Before 2005",433542
AUTO SUV and Truck Intenders,433152
"HH Income 75K Plus, CUSTOM Outdoor Enthusiast And Auto Intender Expanded",432649
"DEMO Age A35 Plus, DEMO Homeowner, RETAIL Home Services Repair Renovation",432309
"HH Home Built Before 2014, HH Income 100K Plus",431721
"DEMO Age A35 Plus, HH Home Value 250K Plus, RETAIL Home Services Roofing Only",431384
"AFIRST Sports Super Fans, HH Income 50K Plus",431123
"AUTO Truck Intenders OR SUV Intenders, DEMO Age A25-64",430089
"HH Income 150K Plus, RETAIL Sofas and Chairs",430076
LIFESTYLE Pets Dogs,429514
FOOD Restaurant Enthusiasts,429339
"DEMO Age A21 Plus, SPORTS Winter Olympics",428052
"HLTH Insurance Medicare or Medicaid, HLTH Denture Intenders",427427
"DEMO Age F35 Plus, RETAIL Home Furnishing Intender, HH Income 100K Plus",426657
"HH Children Ages 4-18, ENT Holiday Specials Viewers, DEMO Age F25 Plus",426029
"DEMO Age A25 Plus, AUTO Make GMC, CUSTOM Employment Federal First Responder",425724
"DEMO Age A25 Plus, RETAIL Home Services Roofing Siding, RETAIL Home Services Repair Renovation",425427
"DEMO Age A35-64, DEMO Homeowner, HH Home Value 300K Plus",425162
"DEMO Age A35 Plus, Custom ENT Broadway Enthusiast, ENT General Interest",425053
"LIFESTAGE Home Buyer First Time, DEMO Age A25 Plus, FIN Banking and Mortgage Intenders",423360
"ENT Comedy, DEMO Age F45 Plus, Custom ENT Broadway Enthusiast",422506
"DEMO Career Teachers and Educators, LIFESTAGE Job Seeker",422259
"DEMO Age A35 Plus, POL Premion Likely Voter",421769
"HH Home Value 400K Plus, HH Home Built Before 2005",421367
"HH Income 75K Plus, AUTO Make Honda Intenders",421282
"DEMO Age A35 Plus, HH Home Value 250K Plus, RETAIL Home Services Windows Doors",421176
CLT 1P Resound Networks Arizona,419748
"HLTH Insurance Intender or Researcher, HH Income Less than 50K, DEMO Age A18-49",417598
"HH Income 50K Plus, FIN Online Banking, DEMO Age A25-49",416604
"DEMO Age A25-54, DEMO Career Blue Collar",415779
"HH Income 75K Plus, DEMO Homeowner, DEMO Age F35 Plus",415310
"DEMO Career Blue Collar, DEMO Age A18-34",415021
"DEMO Age A25 Plus, FIN Services Retirement Planning",413872
DEMO Career Healthcare,413660
"HH Income 125K Plus, CUSTOM LIFESTAGE Home Residence 15 Years Plus AND Retirement Planning",413367
"DEMO Age A55 Plus, HH Income 200K Plus, LIFESTYLE Health Fitness Seniors",413252
"DEMO Age M25-44, HH Income Less than 75K",413116
"HH Income 75K Plus, TRAVEL Intender, DEMO Age A25-54",412827
HH Net Worth 250K - 500k,412092
"DEMO Age F21-34, LIFESTAGE Job Seeker",411485
"DEMO Age F25-54, ENT Performing Arts",411449
FIN_Business Owner_Small to Medium,411126
CLT 1P Ezee Fiber Presale,410989
"HH Homes Built Before 2015, DEMO Homeowner and HHI 100k Plus",410812
"HH Home Value 500K Plus, LIFESTYLE Boating",410802
"DEMO Age M25-54, HH Income Under 60K",410578
"LIFESTYLE Health Wellness, HLTH Insurance Medical",410420
RETAIL Home Products Garden,409758
"FIN Legal Services, DEMO Age A18-34",409498
"HH Home Value 750K Plus, HH Income 175K Plus",409026
AUTO Insurance Owners,408850
"ENT Casino Player, TRAVEL Weekend",408395
"SPORTS Betting, DEMO Age M21-54",408088
"Lifestyle Outdoors Hunting, POL Premion Republican Affiliation",407847
"HH Income 100K Plus, CUSTOM Pool Intender",407656
"TRAVEL Outdoor Adventure, TRAVEL Road Trips",405237
"DEMO Age A35-64, HH Home Built Before 2000, HH Home Value 300K Plus",405122
"DEMO Homeowner, DEMO Age F25-64",404439
"DEMO Age A25 Plus, LIFESTYLE Music Concert Goers",403701
"DEMO Age F25-44, HH Children in Household",403141
CLT 1P Rise Broadband October List,402571
"RETAIL Lawn and Garden Homeowner, DEMO Age A35 Plus",402563
"DEMO Age A25 Plus, TRAVEL Intender",402495
"CUSTOM SPORTS WNBA Fans, FIN Legal Services",401405
"HH Home Value 750K Plus, RETAIL Home Services Home Improvement",401254
"DEMO Age A25 Plus, RETAIL Home Services Flooring",400660
"SPORTS Enthusiasts, DEMO Age A25-54",400480
"CUSTOM DEMO Homeowner AND HH Income 150K Plus, RETAIL Generator",400424
"DEMO Age F25 Plus, RETAIL Home Remodel",400100
"DEMO Age A25-64, RETAIL Home Products Mattress, HH Income 100K Plus",399998
"HH Children in Household, ENT General Interest, DEMO Age F18 Plus",399740
CLT 1P Motor City Buick FIN Business Industry Agriculture,399675
FOOD Bev Beer,399568
"DEMO Renter, HH Income Less than 100K",397786
"FIN Credit Union Intenders, FIN Banking Intenders",396772
"LIFESTYLE Running, HH Children in Household",396099
DEMO Career Public Safety,395596
"HH Income 75K Plus, RETAIL Home Products Mattress, RETAIL Home Furnishing Intender",395281
"RETAIL Home Services Flooring, DEMO Homeowner",395051
"TRAVEL Intender, DEMO Age A25-54",393962
"DEMO Spanish Speakers, HH Income Less than 50K",393813
"DEMO Age A21 Plus, DEMO Career Teachers and Educators",393024
"DEMO Age A35-64, FOOD Restaurant Enthusiasts",392787
"DEMO Age A40 Plus, CUSTOM ENT Ballet Dance Enthusiasts",392054
"DEMO Age F25 Plus, HLTH_Veins _Fibroids, HLTH Private Insurance",390028
"DEMO Age A35-64, CUSTOM DEMO Homeowner AND HH Income 150K Plus, HH Home Value 500K Plus",389873
"DEMO Spanish Speakers, DEMO Age A25-54",389462
"ENT General Interest, HH Income 150K Plus, DEMO Age A25-49",389136
DEMO Age A35-54,389027
HLTH CRX DX Erectile Dysfunction,388786
"SPORTS Betting, DEMO Age M21 Plus",388361
"HLTH CRX Oncology, DEMO Age A35-54",388336
"HH Net Worth 500K Plus, HLTH CRX DX Hip Knee Revision -Knee Replacement, CUSTOM HLTH Insurance Medicare",386804
"FIN Business Owner Small, DEMO Career Truck Driver, DEMO Age M35 Plus",386718
"HH Income 150K Plus, HH Home Built Before 2005",386373
"HH Home Built Before 2005, HH Income 100K Plus",385936
"DEMO Age A65 Plus, LIFESTAGE Retired",384023
"DEMO Age A25 Plus, HH Income 75K Plus, RETAIL Home Furnishing",382583
"FIN Business Industry Agriculture, RETAIL Construction Landscape Farm HE Equip",382376
HLTH Heart,381541
HLTH Conditions Diabetes Type 2,381532
"ENT News Viewers, HH Income Less than 100K",381476
"HH Income Less than 100K, FIN Legal Services",381459
"DEMO Age A35-64, HLTH CRX DX Back Pain",381221
"DEMO Age A55 Plus, FIN Investable Assets 1Mil Plus",379236
"DEMO Age A35-64, HH Income Less than 75K",379088
"DEMO Age A35-64, RETAIL Home Services Roofing Siding",379015
"RETAIL Home Services Flooring, HH Income 75K Plus",378818
"DEMO Age A25 Plus, LIFESTYLE Health Wellness Nutrition, LIFESTYLE Health Wellness",378522
FIN Insurance Homeowners,378290
"DEMO Age A25-64, AUTO Type Used Intender",378265
LIFESTYLE LGBTQ Community,378253
"DEMO Career Military Active, DEMO Age A18-34",378097
AUTO Ford SUV or Truck Intenders,377571
"DEMO Career Employed, DEMO Career Business Owner General",377429
"DEMO Age A30-49, RETAIL Home Products Garden",377164
"DEMO Age A21 Plus, LIFESTYLE Pets",377108
CLT 1P Buffalo Plumbing Showroom OR RETAIL Home Services Plumbing,377086
"DEMO Age A25 Plus, FIN Credit Score High, AUTO Body Style SUV Intender",377047
"DEMO Education High School, HH Income Less than 50K",376795
"HH Home Value 400K Plus, DEMO Homeowner",376779
"HH Income 125K Plus, HH Children in Household",376243
"HH Homes Built Before 2015, HH Home Value 150K Plus",376100
"DEMO Senior Living Care, HH Net Worth 1M Plus",376048
"LIFESTYLE Online Education, HH Children Ages 12-17",375952
"SPORT Events Visitors, SPORTS College Football",375860
"HH Income 75K Plus, DEMO Age A25-64, RETAIL Home Services Oil_HVAC",375707
"DEMO Age A25 Plus, AUTO Type Used, HH Income 60k Plus",375301
"DEMO Age A21 Plus, HH Income Less than 50K",375078
"CUSTOM DEMO Homeowner OR Home Auto Insurance Intender, CUSTOM HHI 60k-150k OR 2 Plus Vehicles",374381
"Lifestyle Outdoors, TRAVEL Road Trips",373567
"RETAIL Outdoor Furniture, HH Income 150K Plus",371549
DEMO Age A30 Plus,371518
"LIFESTAGE Buy Sell Home, HH Income 150K Plus",370182
"HH Children Ages 4-12, DEMO Age F18 Plus",370043
"DEMO Homeowner, HH Homes Built Before 2020, HH Income 100K Plus",368545
"HH Income 200K Plus, CUSTOM AFIRST Outdoor Adventure AND HH with Children",368208
"DEMO Age A40 Plus, HLTH_Veins _Fibroids, RETAIL Cosmetic Procedures",366011
AUTO Make Volkswagen Expanded,365705
"HH Income 50K Plus, AUTO Intenders, DEMO Age A25-54",365688
"DEMO Age A25-64, HH Income 150K Plus, SPORTS Golf",365619
"CUSTOM HLTH Private Insurance AND DEMO Age 40 Plus, HH Net Worth 500K Plus, HLTH CRX DX Hip Knee Revision -Knee Replacement",365561
"DEMO Age A35 Plus, CUSTOM RETAIL Home Furnishing Intender and Luxury Shopper",364164
"HH Income 75K Plus, DEMO Age A25-54, TRAVEL Leisure",363939
"DEMO Age A35 Plus, AUTO Body Style SUV Intender",363234
"DEMO Age A21 Plus, TRAVEL Intender",363144
CLT 1P Vernon Heating,362981
"AUTO CDJR Intenders, DEMO Age A25-54",362938
"FOOD Casual Sit Down, FOOD Healthy",362803
"DEMO Age A35 Plus, RETAIL Home Services Roofing Only",361903
"HH Home Value 400K Plus, LIFESTYLE New Movers",361714
"RETAIL Home Services Roofing Siding, HH Dwelling Single Family, HH Income 150K Plus",360414
"DEMO Age A25 Plus, AUTO Type New Intender Expanded",360335
"DEMO Age A25 Plus, Auto Enthusiasts",360300
"DEMO Age A18 Plus, AUTO Make Toyota Intenders",358586
"AUTO Body Style SUV Intender, HH Income 100K Plus",358434
WEB RT - The Skin Center,358409
POL Premion Democratic Affiliation,358120
"DEMO Career White Collar Worker, Retail Apparel",358114
"DEMO Homeowner, HH Income 200K Plus, DEMO Age F45 Plus",357975
"DEMO Age A35 Plus, RETAIL Home Services Plumbing and Heating",357884
"DEMO Age A65 Plus, HH Net Worth 1M Plus",357737
AUTO Make KIA Expanded,357680
"HLTH Conditions Diabetes Type 2, HH Income 150K Plus",357157
"HH Net Worth 2M Plus, DEMO Homeowner",356320
"HH Income 75K Plus, LIFESTYLE Boating",356169
HLTH CRX GLP,356127
"DEMO Senior Living Care, HH Income 100-150K",354959
"AUTO Make Honda Intenders, DEMO Age A25-64",354881
"HLTH Insurance Medical, DEMO Age A18-64",354858
TRAVEL Frequent Flyer,354461
Pima Medical Institute_RFPID-256385_RT,353048
LIFESTYLE Charity Cancer,352877
"DEMO Age A25 Plus, HH Children in Household, Lifestyle Charity",351376
RETAIL Home Services Repair Renovation,351143
"DEMO Age A21 Plus, LIFESTYLE Antiques and Collectibles",350793
DEMO Career Commercial Manufacturing,350296
"AFIRST Travel Buffs and Sightseers, FOOD Bev Liquor",350115
"AUTO Intenders, AUTO Lease Expiring 0 to 6 months",349915
RETAIL Home Services Windows Doors Siding Roofing Deck Patio,349818
"DEMO Age A35-64, HH Income 50K Plus, AUTO Make Model Chevrolet Silverado",349814
AUTO Lease Expiring within 4 to 12 Months,349267
"FOOD Casual Sit Down, DEMO Age A21 Plus",349193
"RETAIL Home Furnishing Intender, HH Income 50K Plus",348574
"HH Home Built Before 2010, HH Income 150K Plus",348534
"DEMO Career Entrepeneur, DEMO Age A25-54",348314
"DEMO Age A18 Plus, AUTO Intender Mid-Size SUV Intender",345475
LIFESTYLE Motocross and Motorcycles,345376
"DEMO Career Healthcare Nurse, AUTO Type Used Intender, AUTO Make Toyota Expanded",344873
"HLTH_Veins _Fibroids, HLTH Private Insurance",344681
"ENT Casino Player, CUSTOM TRAVEL Staycation or Resort",344480
"DEMO Age A21 Plus, AUTO Intenders Expanded",343896
"DEMO Age A25 Plus, DEMO Career Business Owner General",343563
"DEMO Age F35-54, HH Children in Household",343560
"DEMO Age A25 Plus, AUTO Lease Expiring",342948
"AUTO Type New SUV Intender, DEMO Age A25-54",342101
CUSTOM RETAIL Home Furnishing AND HH Income 150K Plus,341649
"SPORTS Soccer, HH Income 50K Plus",341308
"DEMO Age A55 Plus, CLT 1P Lennar Homes Buy Sell Home",341184
"HLTH Private Insurance, LIFESTYLE Health Fitness Seniors",340635
LIFESTYLE Grocery Store Shoppers,340192
"RETAIL Furniture Appliances Mattress Electronics, CUSTOM AFIRST Movers DIYers and Budget Furniture Shoppers",339995
"HH Income 125K Plus, DEMO Age A65 Plus, CUSTOM DEMO Senior Living Care Estate Planning Caregiver",339701
"LIFESTAGE Education Services, DEMO Age F18-24",339478
"DEMO Age A45 Plus, Custom Personal Injury Lawyer Intender",339430
"RETAIL Home Furnishing Intender, CUSTOM SPORTS Buffalo Bills Fans",338345
"DEMO Age A18-54, DEMO Career Blue Collar and Job Seeker",338019
"HH Income 75K Plus, AUTO Body Style Truck and SUV",337752
"CUSTOM Length in Home 5 Plus Years or 100K Plus Equity, HH Income 150K Plus",337365
"HH Home Value 350K Plus, HH Home Built Before 1970, DEMO Age A35-54",336546
"LIFESTYLE Parents Theme Parks, DEMO Age A25-49",336310
"DEMO Age A25 Plus, AUTO Make Hyundai",335214
"CUSTOM FIN Homeowner Insurance Intender, HH Income 100K Plus",334939
"HLTH Emergency Services, DEMO Spanish Speakers, HLTH Insurance Blue Cross Blue Shield",334876
"HH Children Ages 10-12, Lifestyle Skiing and Snowboard Interest",334708
"DEMO Age A35 Plus, Custom ENT Broadway Enthusiast",334361
"RETAIL Home Products Garden Mowers and Farm Equipment, DEMO Age M25 Plus",334294
"CUSTOM DEMO Homeowner AND HH Income 150K Plus, HH Home Built Before 2005",334160
"HH Income 100K Plus, Lifestyle Skiing and Snowboard Interest",333579
"AUTO Luxury Vehicle Intenders, HH Income 80k Plus",333324
"HLTH Conditions Foot Care, DEMO Age F35 Plus",333067
DEMO Career Human Resources,332868
"HH Home Value 300K Plus, DEMO Homeowner and HHI 100k Plus",332445
"FIN Credit Score Mid to High, DEMO Age A18-34",332387
DEMO Age M25-44,332228
DEMO Native American,332226
DEMO Ethnicity Caucasian,332224
DEMO Ethnicity Asian,332217
WEB RT - Harrah's Resort SoCal,332100
RETAIL Musical Instruments,331791
"DEMO Age A35-64, RETAIL Home Services Home Improvement, HH Income 100K Plus",331640
"DEMO Homeowner, HH Home Built Before 2014, HH Income 100K Plus",330915
"AUTO Intenders, FIN Credit Score High",330862
"SPORT Events Visitors, HH Children in Household",330406
CLT 1P TDS Telecom Copper,330110
AUTO Make Chevrolet Expanded,329662
TRAVEL Business Traveler,328900
"RETAIL Home Furnishing, FIN Credit Score Mid to High",328786
"AUTO Make Intender Honda Nissan Subaru, AUTO Body Style SUV Small",328595
"CUSTOM HH Dwelling Single Family and Lifestyle Dogs, HH Income 150K Plus, DEMO Age F35 Plus",327058
"HH Net Worth 500K Plus, TRAVEL Luxury and LIFESTYLE Health Wellness",326552
"CUSTOM Outdoor Adventurers Bird Watchers, DEMO Age A35 Plus",326540
"DEMO Age M25-54, SPORTS Enthusiasts",324656
"HLTH Women Preventive Care, DEMO Age F35-64",324647
"DEMO Age F35-64, DEMO Homeowners and HHI 75K Plus",323246
DEMO College Student,323138
"DEMO Age A35 Plus, DEMO Homeowner, HH Homes Built Before 2020",323060
CLT 1P Cache Creek Casino,322925
"ENT Casino Player, DEMO Spanish Speakers",322880
"DEMO Career Blue Collar and Job Seeker, DEMO Age A21-49",321776
"HH Home Value 750K Plus, HH Home Built Before 2010, HH Income 150K Plus",321583
"DEMO Age A25 Plus, HH Income 75K Plus",321548
CLT 1P Resound Networks New Mexico,321193
"HH Income 50K Plus, DEMO Age A35 Plus, CUSTOM Lifestyle Furniture Shopper",321186
"RETAIL Home Remodel, HH Income 200K Plus",320841
"RETAIL Home Services Backyard, HH Home Value 500K Plus",320806
"DEMO Age F25 Plus, HLTH Private Insurance",320603
"DEMO Age A21-64, LIFESTAGE Job Seeker",318711
LIFESTYLE Charity Childrens Causes,318637
RETAIL Home Products Lawn,318165
CLT 1P Motor City Buick August FIN Business Industry Agriculture,317241
"DEMO Age A35-64, HLTH CRX DX Gastrointestinal",317205
AUTO Make BMW,316808
"HH Children Ages 8-17, ENT Performing Arts",316749
"Lifestyle Green, AUTO Intenders Expanded, DEMO Age A25-49",316163
"AUTO Make Intender Honda Nissan Subaru, AUTO Body Style SUV Small, AUTO Make Toyota Intenders",315892
CLT 1P TDS Telecom OOT Kim,315882
WEB RT - Jim Adler & Associates,315402
"DEMO Age A25 Plus, RETAIL Home Services Plumbing",315171
"DEMO Education College Some OR Associates Degree, LIFESTAGE Prospective College Students",314673
"HH Net Worth 2M Plus, HH Dwelling Single Family",314573
"HH Dwelling Single Family, HH Home Built Before 1980",314557
AUTO Owner Toyota,314542
"HH Income 125K Plus, DEMO Age F25-54, RETAIL Home Furnishing Intender",314511
"HH Income Less than 75K, DEMO Age A25-49",314421
HH Children Ages 13-17,314331
"DEMO Age A18-24, HH Income Less than 50K",314322
"AUTO Drivers, FIN Legal Services",314298
"TRAVEL Weekend, HH Children in Household",313955
"DEMO Age A25-64, DEMO Career Employed",313882
"DEMO Age A50 Plus, LIFESTYLE Lottery Sweepstakes",313782
"ENT Museum and Art Enthusiasts, HH Children Ages 4-12",313370
"HH Income 75K Plus, DEMO Age A65 Plus, CUSTOM DEMO Senior Living Care Estate Planning Caregiver",312911
"SPORT Events Visitors, DEMO Age A30-49",312553
"DEMO Age A55 Plus, DEMO Spanish Speakers, CLT 1P Inland Group Home Renter Intender",311898
"DEMO Ethnicity Heritage Hispanic, AUTO Intenders, DEMO Age A25-54",311880
"DEMO Age A45 Plus, HH Home Value 500K Plus",311755
"AUTO Intenders, DEMO Ethnicity Asian, DEMO Age A25-54",311503
"DEMO Ethnicity Asian OR Hispanic, AUTO Intenders, DEMO Age A25-54",311489
"HH Income 125K Plus, CUSTOM New Construction Home Intender Next 12 Months OR Homeowner",310991
"CUSTOM Home Buyer First Time OR New Construction Home Intender Next 12 Months, HH Income 125K Plus",310981
"DEMO Age M18 Plus, AUTO Ford Intenders",310731
"DEMO Age A25 Plus, LIFESTYLE Charity Animal Welfare, AUTO Intenders",310690
"DEMO Age A35 Plus, RETAIL Generator, RETAIL Home Services Home Improvement",310339
"CUSTOM HLTH Private Insurance AND DEMO Age 40 Plus, HH Net Worth 500K Plus, HLTH CRX DX Scoliosis_Back Pain",308917
"DEMO Age A25 Plus, AUTO Type New Intender",308636
"DEMO Age F35-64, DEMO Professional Women",308459
"HLTH Dentures and Implants, HH Home Value 350K Plus",306663
HLTH CRX DX COPD Idopathic Pulmonary Fib Smoker,306562
"DEMO Age A25 Plus, DEMO Career Healthcare Nurse",306168
"DEMO Education High School, DEMO Age A18-34",305934
"LIFESTYLE Boats RVs Motorcycles, Lifestyle Outdoors",305868
"DEMO Ethnicity African American, DEMO Age F25-54",305831
"DEMO Age A35-64, HH Income 125K Plus, LIFESTAGE Home Buyer",305488
"HH Home Value 150K Plus, DEMO Homeowner",305474
"DEMO Career Construction Workers, LIFESTAGE Job Seeker",304946
"AUTO Intenders, DEMO Ethnicity Asian",304224
"HH Children Ages 0-6, TRAVEL Intender",304066
"TRAVEL Intender, DEMO Age A18-34",304013
"AFIRST Parents, DEMO Age A21-54",303865
"DEMO Age A18-24, LIFESTYLE Vocational School",303620
"DEMO Age A25 Plus, DEMO Homeowner, HH Income 30K Plus",303456
"SPORTS Soccer, DEMO Age A21 Plus, FOOD_ Sports Bar",303371
TRAVEL Road Trips,303264
"DEMO Age F35-64, HH Income 75K Plus",303040
"FIN Investable Assets 500K Plus, LIFESTAGE Retired",302879
CLT 1P Columbia Credit Union 2026,302746
"FIN Services Mortgage, HH Income Less than 150K, LIFESTAGE Home Buyer",302164
"DEMO Age A55-75, FIN Services Retirement Planning",302100
"DEMO Age F45-64, HH Income 250K Plus",302081
"HH Income 150K Plus, HH Dwelling Single Family",302002
"LIFESTYLE Pets, HH Income 50-100K",301852
"HH Home Value 400K Plus, DEMO Age A25 Plus",301830
DEMO Career White Collar Worker,300991
"FIN Legal Services, HH Income Less than 50K",300937
"LIFESTYLE Education Medical, DEMO Age F18-34",300911
"DEMO Age A35-64, AUTO Body Style SUV Intender",300710
HH Children Ages 15-21,300639
"DEMO Age A21 Plus, DEMO Career Teachers and Support Staff",300633
LIFESTYLE Weight Loss,300538
"HH Income 500K Plus, LIFESTYLE Solar Energy, RETAIL Home Services Roofing Only",300517
"HH Income 125K Plus, AUTO Truck Intenders OR SUV Intenders Expanded",300327
"HH Income Less than 75K, DEMO Age A18-54, DEMO Career Blue Collar",300147
"DEMO Age F18-54, HH Children in Household, HH Income 50-100K",300032
"FIN Credit Score Low, LIFESTAGE Home Seller",298984
"DEMO Age A25 Plus, AUTO Drivers",298248
"DEMO Age A25 Plus, DEMO Career Employed",297933
"HH Income 150K Plus, FOOD Fine Dining",296479
"DEMO Age A25-64, AUTO Body Style SUV",296194
"DEMO Age A25 Plus, FIN Credit Score Low",296057
"DEMO Spanish Speakers, FIN Legal Services",295440
CLT 1P WAEPA Formerfeds Leads Records FF Excluding Member List,295404
"DEMO Age A35 Plus, HH Income 200K Plus, CUSTOM Charitable Donors",295373
FIN Investable Assets 250k Plus,295186
AUTO Service Tires,294844
CLT 1P WAEPA Formerfeds Leads,294744
"ENT Local News, ENT Streaming Services",294476
"HH Children in Household, RETAIL Winter and Holiday Decorating",293842
LIFESTYLE Music Concert Goers,292921
"DEMO Age A25 Plus, AUTO Service Repair",292340
"AUTO Truck Intenders, AUTO Ford Intenders",291337
"HH Net Worth 500K Plus, HLTH CRX DX Scoliosis_Back Pain, CUSTOM HLTH Insurance Medicare",290662
"DEMO Homeowner, ENT Internet Intenders",290566
"ENT Holiday Specials Viewers, DEMO Age F45 Plus",290332
"DEMO Age F35-70, ENT Museums",290329
SPORTS College Football Attendees,289968
"RETAIL Home Services Windows Doors Siding, HH Income 100K Plus",289203
POL Premion Registered Voter,289055
LIFESTYLE Farming and Agriculture,288341
"DEMO Age A35 Plus, RETAIL Home Products Lawn, HH Home Value 200K Plus",287980
"DEMO Age A35 Plus, HH Home Value 200K Plus, RETAIL Home Services Home Improvement",287633
"CLT 1P Lennar Homes_DEMO Renter and HHI 75k Plus, DEMO Age A21-54",287313
"DEMO Age A55 Plus, HLTH Conditions Hearing",287155
"LIFESTYLE Charity Animal Welfare, LIFESTYLE Pets",287056
"DEMO Age F25 Plus, RETAIL Home Products Garden, HH Income 100K Plus",286998
"AUTO Body Style CUV, AUTO Truck Intenders",286967
"LIFESTAGE College Planning Parents, Demo Religion Christian",286917
"HH Net Worth 2M Plus, DEMO Senior Living Care",286846
"LIFESTYLE Public Transportation, LIFESTYLE Heavy App Users",286836
"DEMO Age A25 Plus, AUTO Ford SUV or Truck Intenders",286711
"DEMO Age A25 Plus, FOOD Restaurant Enthusiasts",286641
"DEMO Age F21-49, HH Income Less than 50K",286229
"DEMO Age A25 Plus, HH Children Ages 3-6",286211
"Lifestyle Outdoors Hunting, HH Income 150K Plus",285981
"DEMO Age A35 Plus, Lifestyle Charity, HH Income 100K Plus",285936
"DEMO Age A25-54, LIFESTAGE Buy Sell Home",285757
"ENT Museum and Art Enthusiasts, DEMO Age A18-34",285564
"DEMO Age A35-64, ENT Museum and Art Enthusiasts",285509
"LIFESTAGE Homeowner New, HH Home Built 2010 or Newer",284937
"DEMO Age A35 Plus, HH Income 75K Plus, CUSTOM Lifestyle Furniture Shopper",284288
CUSTOM TRAVEL Staycation or Resort,283693
"AFIRST Travel Buffs and Sightseers, HH Income 75K Plus, HH Children in Household",283603
"DEMO Age A35 Plus, FIN Credit Union Members",283501
"HH Dwelling Multi Generation 3 Plus, DEMO Age A25-49",283454
"DEMO Career Unemployed, DEMO Age A25-49",283361
"Custom ENT Broadway Enthusiast, DEMO Age F25-54",282707
"DEMO Age A25 Plus, TRAVEL Family",282588
"LIFESTAGE Prospective College Students, HH Children Ages 15-18",282514
CUSTOM FIN HELOC Intenders,282307
"FIN Credit Score High, AUTO RV Intenders",281978
"ENT Performing Arts, LIFESTYLE Music Rock, LIFESTYLE Music Concert Goers",281972
"DEMO Age A35 Plus, LIFESTAGE Homeowners 5 Years Plus",281934
"HH Children Ages 2-11, HH Children Ages 12-17",281748
"DEMO Age M45 Plus, AUTO Antique Auto Enthusiasts",281657
"HH Income 150K Plus, RETAIL Home Furnishing Intender",281426
"DEMO Age M45 Plus, AUTO Antique Auto Enthusiasts, HH Income 100K Plus",281299
"LIFESTYLE Music Rock, ENT Performing Arts",280673
CUSTOM HLTH Hair Loss or Wig Intender,280620
CLT 1P POL L2 Benjamin Flores English Targets 2026,280551
"DEMO Age A35 Plus, HH Home Value 250K Plus",280185
"Custom ENT Broadway Enthusiast, HH Income 100K Plus, ENT General Interest",278133
"HH Income 125K Plus, AUTO Intenders Pickup Expanded",277476
RETAIL Home Garden Pool,277444
"DEMO Age M45 Plus, HH Income 100K Plus",277164
"HH Children Ages 2-11, HH Income 100K Plus",277138
AUTO Make Mazda Expanded,276865
HH Children Ages 0-9,276858
"HH Income 75K Plus, RETAIL Home Furnishing Intender, RETAIL Home Products Mattress",275451
"DEMO Age F18-54, HH Income 100K Plus",275193
"DEMO Age A50 Plus, ENT Performing Arts",275189
CUSTOM Lottery Sweepstakes Gambling,275070
"LIFESTYLE Pets, TRAVEL Intender",274271
CLT 1P Dorsey Taylor Vocational School and HHI Less than 75K,273827
"DEMO Age F35-64, HH Income 125K Plus, DEMO Homeowner",272469
"HH Income Under 60K, DEMO Age A18-54, DEMO Career Blue Collar",272269
FIN Estate Planning,272043
"DEMO Age A50 Plus, LIFESTAGE Empty Nester",271937
"HH Children Ages 0-12, DEMO Age A25-64",271502
"DEMO Age A45 Plus, RETAIL Home Services Windows Doors, DEMO Homeowner",271162
"LIFESTYLE Public Transportation, SPORTS World Cup Soccer Enthusiasts, LIFESTYLE Rideshare User",271154
"HH Children Ages 6-17, HH Income 250K Plus",270638
"DEMO Age A25-54, RETAIL Seasonal Christmas",270460
"DEMO Age A50 Plus, FIN Investable Assets 250k Plus",270353
"HH Income Less than 150K, Custom Personal Injury Lawyer Intender",270241
"DEMO Education Post Graduate, LIFESTYLE Bowling",269884
"HH Income 150K Plus, CUSTOM Pool Intender",269630
"CLT 1P Bayport Credit Union FIN Banking Intenders, DEMO Age A25-54",269609
"FIN Banking Intenders, DEMO Career Employed, DEMO Age A18-54",269228
"RETAIL Home Services HVAC, HH Home Built Before 2000",268870
"DEMO Age F25 Plus, LIFESTYLE Bargain Shoppers, RETAIL Home Furnishing Intender",268795
"DEMO Age A30-45, HH Net Worth 250K Plus",268558
"DEMO Age A30-45, DEMO Career Business Owners Executives Small",268556
"HH Children in Household, HH Income Less than 30K",267971
"DEMO Homeowner, HH Children Ages 0-6",267891
RETAIL Fireworks Enthusiast 4th of July Shopper,267512
AUTO Type New,267047
"DEMO Age A18-64, ENT General Interest",266918
RETAIL Apparel Women,266909
"DEMO Homeowner, LIFESTAGE Expecting Mothers",266803
"AUTO Intenders, AUTO Make Subaru Intenders",266783
"DEMO Age F35-64, TRAVEL Spring Break",266660
"DEMO Age A35-64, HH Income 50K Plus, FIN Insurance General",266630
"DEMO Age M18-49, AUTO Drivers",265667
"HLTH Private Insurance, FIN Credit Score Mid to High, HLTH Denture Intenders",265569
"AUTO Service Tires, AUTO Type Owner",265457
"HH Net Worth 1M Plus, LIFESTAGE Retired",265133
"HH Home Value 400K Plus, RETAIL Generator",265045
"HH Income Less than 125K, Custom Personal Injury Lawyer Intender",264045
"DEMO Age A30-60, DEMO Remote Job Worker, FIN B2B Small Business",263220
"DEMO Age A45 Plus, HLTH CRX DX Cataracts, HH Income 250K Plus",262112
LIFESTYLE Interior Design,261666
HLTH Conditions,261593
"HH Children in Household, ENT General Interest",260704
TRAVEL Family,260272
"AFIRST Outdoor Adventurers, FIN Services Retirement Planning",259499
"AUTO Intenders Pickup Expanded, DEMO Age A25-64",259445
"CUSTOM LIFESTAGE Home Residence 15 Years Plus AND Retired, HH Net Worth 750K Plus",259142
"FIN Services Retirement Planning, LIFESTYLE Luxury",259097
"FOOD Bev Beer, DEMO Age A25-49",258837
"FOOD Bev Wine, DEMO Age A35-54",258834
"DEMO Age M25-54, HH Income Less than 75K",258641
"HH Income 75K Plus, AUTO Body Style SUV or CUV, AUTO Ford Intenders",258300
"DEMO Career Blue Collar, TRAVEL Intender",257956
"Lifestyle Outdoors, DEMO Age M25-54",257706
"DEMO Vacation Homeowner, FIN High Home Equity Balance, FIN Credit Score Mid to High",257408
CUSTOM RETAIL Home Services HVAC_Electric_Oil,257187
"HH Children Ages 4-18, LIFESTAGE Education Services",257017
HLTH CRX DX Diabetes,256781
"DEMO Age F35-64, HLTH CRX DX Obesity-Overweight, HH Income 100K Plus",256363
"DEMO Age A35 Plus, LIFESTYLE Music Country",255832
"DEMO Homeowner, RETAIL Generator",255220
"DEMO Age A55 Plus, HH Net Worth 1M Plus",254956
"DEMO Senior Living Care, DEMO Age A40-65",254098
"DEMO Age A25 Plus, AUTO Truck Intenders",253991
"DEMO Age A25 Plus, LIFESTYLE Holistic, RETAIL Massage Spa Therapy",253280
"AUTO Intenders, AUTO Body Style Sedan OR SUV Intender Expanded",253178
"HH Income 75K Plus, AUTO Make Subaru Intenders Expanded",252819
"DEMO Age A35 Plus, AUTO Body Style ATV",252625
WEB RT - ASI Heating & Air,252248
"DEMO Homeowner, DEMO Age A45 Plus, FIN Credit Score Mid to High",252072
"DEMO Age F55 Plus, HLTH Glasses and Contact Lenses, HH Income 100K Plus",252007
AUTO Make Subaru Expanded,251992
CLT 1P Geri Lynn Nissan,251917
"FIN Services Retirement Planning, DEMO Age A55-64",251853
"HLTH Cancer, DEMO Age F35 Plus",251455
"LIFESTYLE Running, DEMO Age A25-54",251331
"DEMO Age A35 Plus, CUSTOM Charitable Donors",250910
"DEMO Age A45 Plus, LIFESTYLE Antiques and Collectibles, HH Income 100K Plus",250759
"AFIRST Luxury Shoppers, HH Income 150K Plus, DEMO Age F25-54",250749
"FOOD Restaurant Enthusiasts, DEMO Age A25-49",250735
"HH Income 75K Plus, DEMO Age A35 Plus, DEMO Homeowner",250423
"AFIRST Gamers and Tech Junkies, DEMO Age A18-34",250366
DEMO Age A30-60,250113
"DEMO Age A35 Plus, CUSTOM AUTO Intenders Pickup Expanded",250087
"HH Income 75-150K, DEMO Age F18-54, HH Children in Household",250069
"DEMO Age A25 Plus, HH Income 75K Plus, DEMO Homeowner",250042
"DEMO Age A35-64, DEMO Homeowners and HHI 75K Plus",250004
"DEMO Age F35-54, HH Income 75K Plus",249986
"LIFESTYLE New Movers, RETAIL Home Furnishing",249367
"DEMO Age A55 Plus, HH Income 30K Plus",248323
"DEMO Age A25 Plus, DEMO Homeowner, HH Income 80k Plus",247969
"DEMO Age A35-64, LIFESTYLE Charity Childrens Causes",247170
"AUTO Intenders, AUTO Make Honda Hyundai Nissan Mazda Kia Toyota",246320
CUSTOM SPORTS NFL Seattle Seahawks,246069
DEMO Education Post Graduate,245559
"DEMO Age A35 Plus, SPORTS Golf",245159
"HH Homes Built Before 2015, RETAIL Home Services Roofing Only",245083
"RETAIL Home Services Roofing Only, HH Home Value 400K Plus",245057
"FIN Banking Intenders, FIN Online Banking",244921
"HH Income 75K Plus, AUTO Body Style Sedan OR SUV Intender Expanded",244764
"RETAIL Home Services Flooring, HH Income 100K Plus",244634
"DEMO Homeowner, RETAIL Home Services Roofing Siding",244482
AUTO Make Cadillac Expanded,244273
"AUTO Intenders Pickup Expanded, AUTO Make GMC Expanded",243947
"RETAIL Apparel Athletic, HH Children Ages 6-17",243204
"DEMO Ethnicity African American, ENT Performing Arts",242880
"LIFESTYLE Pets, HH Children in Household",242842
SPORTS Nascar,242698
"AUTO Intenders, AUTO Ford Intenders",241872
"HH Income 150K Plus, TRAVEL Family",241462
"ENT Movies, ENT Movie Theaters",241459
"HH Children Ages 0-12, DEMO Age F18 Plus",241264
DEMO Age A55-70,241127
"HH Children in Household, CUSTOM ENT Performing Arts OR Disney Enthusiast",241038
"RETAIL Groceries, FOOD Ice Cream",241029
"HH Children in Household, CUSTOM Annie Get Your Gun",240126
"HH Home Value 300K Plus, DEMO Age F50 Plus",239531
"DEMO Age A50 Plus, HLTH Dentures and Implants, HH Home Value 300K Plus",239527
"HH Children Ages 4-12, DEMO Age F35 Plus",239524
"AUTO Service, CLT 1P Currie Buick GMC",238809
"LIFESTAGE Education Services, DEMO Age A25-54",238801
ENT News Viewers,238491
"DEMO Age A25 Plus, DEMO Career Military Veteran, Lifestyle Military",238202
"Lifestyle Military, DEMO Age M18-24",237343
"LIFESTYLE Music Concert Goers, Lifestyle Charity",236925
"HH Income 75K Plus, AUTO Service",236568
"CUSTOM FIN HELOC Intenders, HH Income 100K Plus",236534
"LIFESTAGE Higher Education Intender, HH Income Less than 50K, DEMO Age A18-64",236528
"ENT Cord Cutters, RETAIL Home Products Mattress",236437
"AFIRST Parents, FOOD Bev Coffee",236402
"HH Income 75K Plus, CUSTOM Newly Married or Planning to be Married",236336
"LIFESTAGE Homeowner New, HH Home Value 1M Plus",236335
"LIFESTAGE Home Buyer First Time, ENT Cord Cutters",236326
LIFESTYLE Coin Collectors,236231
"DEMO Age A35-54, RETAIL Home Services Backyard",235473
Pima Medical Institute_RFPID-256383_RT,235431
Pima Medical Institute_RFPID-256381_RT,235239
"HH Income 500K Plus, Lifestyle Charity",235084
"HH Income 200K Plus, RETAIL Home Services Backyard",235048
HH Property 5 Acres Plus,234969
"HH Income 200K Plus, RETAIL Home Services Repair Renovation",234940
"LIFESTYLE Health Fitness, DEMO Age M18-24",234340
"HH Children Ages 0-12, HH Income 100K Plus",234301
"DEMO Age F25-64, LIFESTYLE Sewing",234251
"DEMO Age A35 Plus, AUTO Truck Intenders OR SUV Intenders, HH Income 100K Plus",232972
"FIN Credit Score Mid to High, RETAIL Home Garden Hot Tub",232963
"DEMO Age A25 Plus, HH Income 75K Plus, CUSTOM HLTH Overweight Weight Loss Interest",232222
FIN Auto Loan or Refinance Intender,231393
"DEMO Age F25-54, HH Income Less than 75K, RETAIL Home Furnishing Intender",231320
"HH Income 75K Plus, HH Homes Built Before 2015",231251
"DEMO Ethnicity Asian OR Hispanic, DEMO Age A18-24, LIFESTAGE Prospective College Students",230675
"CUSTOM DEMO Homeowner and HH Income 200K Plus, DEMO Spanish Speakers",230558
"DEMO Age A40 Plus, POL Premion Republican Affiliation",230022
POL Premion Republican Affiliation,229765
"LIFESTYLE Powersports, HH Income 100K Plus",229300
"AFIRST Gamers and Tech Junkies, DEMO Homeowner",229290
"DEMO Homeowner, RETAIL Home Appliance Intender",229111
RETAIL Groceries,229046
"DEMO Age A25 Plus, DEMO Homeowner, RETAIL Home Services Pest Control",228621
"HLTH Dentures and Implants, HLTH Private Insurance",228414
"DEMO Age A25 Plus, HH Income 125K Plus, HLTH Conditions Pain",228382
"DEMO Age A65 Plus, HLTH Private Insurance",228237
"HH Home Built Before 2010, RETAIL Home Services Roofing Only",228143
"DEMO Age A35 Plus, CUSTOM HH Dwelling Single Family and Lifestyle Dogs, HH Income 150K Plus",228111
"DEMO Senior Living Care, DEMO Age A55 Plus, HH Income 150K Plus",228084
"DEMO Age A18 Plus, LIFESTYLE Pets",227854
"DEMO Age A25 Plus, HLTH Dental",227774
"HH Income 100K Plus, RETAIL Massage Spa Therapy",227561
"DEMO Age A25-64, AUTO Intenders, FIN Credit Score Mid to High",227167
LIFESTYLE Photography,227044
WEB RT - Carrier Corp Custom Mechanical,226893
"DEMO Age F25 Plus, HH Income 100K Plus",226691
"DEMO Age A35-64, RETAIL Home Services HVAC",226621
"HH Income 100K Plus, DEMO Senior Living Care",226472
TRAVEL Cruise,226211
"DEMO Age A21 Plus, HH Income 60k Plus",225866
"DEMO Age A25 Plus, LIFESTAGE Buy Sell Home",225609
"FIN Life Insurance, DEMO Age A50 Plus",224924
"DEMO Age A18 Plus, DEMO Homeowner, HH Income 150K Plus",223927
"DEMO Age A18 Plus, DEMO Homeowner, HH Income Less than 150K",223881
"DEMO Marital Status Married, HH Income 150K Plus",223838
"Custom Collision Personal Injury, Custom Personal Injury Lawyer Intender",223784
"DEMO Age A18 Plus, HH Income 60k Plus",222613
"DEMO Age A25 Plus, FIN Banking Intenders",221927
ENT Golf Tournaments Viewers,221649
CLT 1P Morgan Exteriors Lookalike,221145
FOOD Fine Dining,220987
"HH Income 60k Plus, DEMO Age F18 Plus",220873
"RETAIL Fashion Fine Jewelry, HH Income 200K Plus",220475
"HH Income 200K Plus, LIFESTYLE Health Fitness Seniors",220470
"HH Income 100K Plus, RETAIL Home Services Roofing Only",220372
Custom ENT Broadway Enthusiast,220297
AUTO Make CDJR Expanded,220285
ENT Movie Theaters,220271
"AUTO Body Style Pickup and SUV, AUTO Make CDJR",220116
RETAIL Home Services Moving Company,220071
"AUTO Chevrolet Intenders, DEMO Age A25-54, AUTO Body Style Pickup",219998
"AUTO Chevrolet Intenders, DEMO Age A25-64",219991
"HH Children in Household, Lifestyle Charity",219782
"DEMO Homeowner, HH Children Ages 15-18",219456
"DEMO Age A25 Plus, AUTO Type New SUV Intender",218882
"DEMO Age F25 Plus, RETAIL Home Services Home Improvement",218877
"ENT History Buffs, ENT Museums",218789
CUSTOM Travel Golfer,218550
"DEMO Age A35 Plus, HH Income 75K Plus, AUTO Service Tires",218516
"ENT General Interest, DEMO Age F25-54",218443
"FIN Credit Score Mid to High, HH Income 100K Plus",218211
"DEMO Age A30 Plus, HH Income 200K Plus",218183
LIFESTAGE Expecting Mothers,218078
"DEMO Age A25-64, Custom Personal Injury Lawyer Intender",217892
"HH Net Worth 500K Plus, CUSTOM HLTH Insurance Medicare, HLTH Orthopedics",217721
"RETAIL Home Furnishing, HH Income 250K Plus, LIFESTYLE Interior Design",217455
"HH Income 125K Plus, DEMO Age A30 Plus, AUTO Luxury Vehicle Intenders Expanded",217175
"HH Income 50K Plus, AUTO Type Owner",217145
"DEMO Age A25 Plus, FIN Services Mortgage",217111
"HH Income 75K Plus, RETAIL Home Services Roofing Only",217074
"AUTO Make Subaru Intenders Expanded, AUTO Intenders Expanded",216865
"HH Children Ages 13-17, DEMO Age F18 Plus",216699
"CUSTOM DEMO Homeowner and HH Income 200K Plus, DEMO Age A35 Plus, CUSTOM LIFESTYLE Home Exterior Landscape Design",216607
"DEMO Age A25-64, FIN Services Loan",216441
LIFESTAGE Home Buyer First Time,216214
"DEMO Senior Living Care, LIFESTYLE Baby Boomers",216115
"HH Income 500K Plus, CUSTOM College Savings Plan OR HH Children Ages 15-18",215704
"HH Children in Household, LIFESTYLE Outdoors",215687
"DEMO Age A25 Plus, HH Income 250K Plus",215266
"DEMO Homeowner, DEMO Age F35 Plus, HH Income 100K Plus",215228
"DEMO Age A35-64, FIN General In Mkt Shopper, HH Income 100K Plus",214979
"DEMO Age A55 Plus, Custom ENT Broadway Enthusiast, HH Income 100K Plus",214867
"HH Income 75K Plus, HH Home Built Before 2010, HH Home Value 300K Plus",214517
"DEMO Age A25-54, AUTO Ford Intenders",214289
CLT 1P YMCA South Hampton Roads Active Members Exclusion,214162
"HH Home Value 250K Plus, RETAIL Home Services HVAC",214084
"HH Income 75K Plus, DEMO Age F18 Plus",213788
"HH Income 75K Plus, ENT General Interest, DEMO Age A18-64",213290
"DEMO Homeowner, HH Income 50K Plus",213002
DEMO Career Military Active,212949
"DEMO Age A35 Plus, HH Children Ages 5-15",212937
"HH Children Ages 12-17, DEMO Age F18 Plus",212681
Lifestyle Military,212541
"DEMO Age A45 Plus, RETAIL Home Services Repair Renovation",212450
"HH Income 100K Plus, HH Home Built Before 1980",212278
"HH Income Under 60K, LIFESTYLE LGBTQ Community, DEMO Age A18-34",212120
"DEMO Age A35 Plus, RETAIL Home Garden Hot Tub",212028
"DEMO Age A21-44, HH Income Under 60K, LIFESTAGE Expecting",211957
"HH Income Under 60K, HLTH Insurance Uninsured",211907
"Lifestage Home Owners 3-5 Years, HH Property 1 Acre Plus",211859
CLT 1P Rise Broadband,211633
FIN Credit Card Debt,211498
"HH Income 75K Plus, LIFESTYLE Antiques and Collectibles",211291
TRAVEL Beach,210870
"DEMO Career Employed, DEMO Education Bachelor, Lifestyle Military",210818
"AUTO Truck Intenders Expanded, AUTO Ford Intenders",210756
LIFESTYLE Music,210588
HH Home Value 600K Plus,210568
"DEMO Age A21-34, LIFESTYLE Online Education",210555
"RETAIL Home Products Garden Mowers and Farm Equipment, HH Property 5 Acres Plus",210443
ENT Comedy,210134
"CUSTOM Legal Services Family and Corporate, LIFESTYLE LGBTQ Community",209926
"CUSTOM Legal Services Family and Corporate, HH Income 250K Plus",209893
"ENT Local News, Demo Religion Christian",209201
"DEMO Age A25 Plus, RETAIL Fashion Fine Jewelry, HH Income 250K Plus",208973
DEMO Age F40 Plus,208820
"HH Income 75K Plus, HH No Children",208764
CLT 1P Finks Harley Davidson,208308
"AUTO Body Style SUV Small, AUTO Make Toyota Intenders",208274
"AUTO Luxury Vehicle Intenders, HH Income 250K Plus",207975
"DEMO Age A35-64, DEMO Homeowner, HH Property Half Acre Plus",207485
HH Income 30-70K,207305
"HH Income 75K Plus, AUTO Body Style SUV Expanded",206402
"FIN General In Mkt Shopper, HH Children in Household, DEMO Age A25-49",206282
"FIN General In Mkt Shopper, DEMO Marital Status Divorced OR Single, DEMO Age A35-54",206274
"DEMO Age A21 Plus, FIN General In Mkt Shopper",205316
"DEMO Age A21 Plus, AUTO Intenders Pickup",204945
"DEMO Age A35-64, FIN Services Mortgage",204634
"DEMO Homeowner, CUSTOM HH Home Built Before 2000, LIFESTYLE New Movers",204206
"DEMO Age A25 Plus, AUTO Make KIA Intenders",204173
"DEMO Age A35 Plus, HLTH CRX DX Skin Conditions",203883
"DEMO Spanish Speakers, RETAIL Home Furnishing Intender",203867
"DEMO Age A18 Plus, AUTO Body Style SUV Intender",203611
"AFIRST Outdoor Adventurers, Lifestyle Charity",203415
"DEMO Senior Living Care, DEMO Age F45-64",203324
"AUTO Drivers, DEMO Age A18-34",203217
HLTH Insurance Medical,203146
"AUTO Truck Intenders Expanded, FIN Credit Score Mid to High",203017
"AUTO Body Style SUV Expanded, DEMO Age A25-64",202699
CUSTOM Professional Construction Supplies,202661
"ENT News Viewers, DEMO Age M35-64, SPORTS Enthusiasts",202587
"DEMO Age A25 Plus, CUSTOM RETAIL Funeral Services Estate Planning Caregivers",201732
CLT 1P TDS Telecom Fiber MDU,201527
"HH Income 200K Plus, HH Home Value 1M Plus",201471
HLTH CRX TX Bariatric,201465
"AUTO Make Honda Hyundai Nissan Toyota, FIN Credit Score Mid to High",201450
"DEMO Career Business Owners Executives, HH Income 150K Plus",201443
"DEMO Career Healthcare, DEMO Age A25-44, DEMO Career Healthcare Nurse",200722
"AUTO Type Used Intender, FIN Credit Score Low",200657
"DEMO Age A25-64, CUSTOM Lottery Sweepstakes Gambling",200248
"LIFESTAGE Job Seeker, LIFESTYLE Career Changers",200194
"DEMO Senior Living Care, DEMO Family Caregiver, DEMO Age F55 Plus",200105
"DEMO Age A35-64, DEMO Homeowner, HH Homes Built Before 2015",199893
"LIFESTYLE Gaming, SPORTS Auto Racing or NASCAR",199772
"HLTH Insurance Medicaid, HH Income Less than 50K",199587
"HH Children in Household, HLTH Insurance Medicaid",199581
HH Home Value 300K Plus,199448
"DEMO Age A45 Plus, RETAIL Home Products Mattress, HH Income 100K Plus",199146
HH Children Ages 5-11,198712
"DEMO Age A25-44, LIFESTAGE Home Buyer",198560
"TRAVEL Intender, HH Income 100K Plus",198118
"DEMO Homeowner, RETAIL Home Services Repair Renovation",197651
"DEMO Age A25 Plus, HLTH Preventative Care",197473
"DEMO Age A55 Plus, TRAVEL Leisure",197442
"DEMO Age A35-54, FIN Services Loan",196393
"FIN Services Mortgage, DEMO Age A35-54",196392
"DEMO Age A35-54, FIN Loan Auto",196391
"FIN Services Advisor, DEMO Age A35-54",196380
DEMO Career Blue Collar and Job Seeker,196341
"DEMO Age A50 Plus, FIN Services Advisor",196275
"HLTH CRX DX Cataracts, HH Income 250K Plus",196166
"AUTO Make Toyota, AUTO Truck Intenders OR SUV Intenders",196004
"DEMO Age A25 Plus, DEMO Homeowner, FIN Credit Score Mid to High",195998
"DEMO Age A21 Plus, FOOD Bev Wine and Spirits
DEMO Age A21 Plus, FOOD Bev Wine and Spiritsr",195837
"Lifestyle Outdoors, TRAVEL Intender",195480
"HH Income 75K Plus, AUTO Intenders, AUTO Body Style Sedan OR SUV Intender Expanded",195237
"DEMO Age M18-54, DEMO Education High School",195050
"HH Children Ages 6-17, HH Income 100K Plus",194495
"LIFESTYLE Charity Cancer, AUTO Intenders Expanded",193647
"HH Home Value 250K Plus, HH Home Built Before 2014",193326
HLTH Dental,193302
"DEMO Age A25 Plus, AUTO Body Style SUV Expanded",192813
CLT 1P TDS Telecom Fiber,192789
"DEMO Age F18-49, HH Children in Household",192251
"HLTH Products Vision, HH Income 250K Plus",191883
"HLTH Insurance Intender or Researcher, HH Income Less than 75K, DEMO Age A18-64",191804
"HH Income 50K Plus, DEMO Age A35 Plus, RETAIL Home Products Mattress",191756
"DEMO Age A35-64, LIFESTAGE Likely to Move",191715
"DEMO Ethnicity African American, DEMO Age A18-64",191591
"DEMO Age A35 Plus, DEMO Career Business Owners Executives",191462
"AUTO Truck Intenders OR SUV Intenders, HH Income 60k Plus",191409
CUSTOM RETAIL Large Major Appliance Intender,190918
"AUTO Make Honda Hyundai Nissan Mazda Kia Mitsubishi, AUTO Lease Current",190836
"DEMO Age A50 Plus, CUSTOM DEMO Senior Living Care Estate Planning Caregiver",190725
LIFESTAGE Home Seller,190654
"HH Children in Household, ENT Fairs and Festivals, DEMO Age A18-49",190633
"DEMO Age F18 Plus, HH Income 100K Plus",190609
FIN Business Owner and Management,190450
"DEMO Age A25-64, RETAIL Home Products Garden Mowers and Farm Equipment",190399
"DEMO Age A25 Plus, DEMO Homeowner, RETAIL Home Services Roofing Siding",190395
"DEMO Age A35-64, HH Income 75K Plus, AUTO Make Model Chevrolet Silverado",190324
"DEMO Age A25-64, AUTO Electric Intenders",190123
"RETAIL Home Furnishing, DEMO Age F35 Plus",190017
"HH Income Less than 75K, RETAIL Home Furnishing Intender",189940
"DEMO Age A35-64, HLTH CRX Back Pain_Chronic Pain_Sports Injury",189714
"FOOD Mexican, DEMO Age A25-64",189604
"HLTH Conditions, HLTH Insurance Medical",189407
LIFESTAGE Likely to Move,189071
"DEMO Age A50 Plus, CUSTOM DEMO Senior Living Care Estate Planning Caregiver, CUSTOM Seniors In Home Nursing Care",188991
"HH Income 75K Plus, AUTO Luxury Vehicle Intenders Expanded, AUTO Luxury Vehicle Intenders",188725
"DEMO Age A35-64, HLTH Orthopedic",188618
"DEMO Age A21-34, Lifestyle Military",188586
"HH Income 75K Plus, DEMO Age A25-64, RETAIL Home Products Mattress",188584
"DEMO Spanish Speakers, HLTH Insurance Uninsured",188543
"DEMO Age A18 Plus, HH Children in Household",188242
"AUTO Truck Intenders OR SUV Intenders, HH Income 100K Plus",188209
"LIFESTAGE Home Buyer First Time, DEMO Spanish Speakers, Demo Age A25-34",188009
"DEMO Age A25-54, HH Children Ages 5-15",187628
"AUTO Make Genesis Intender, AUTO Luxury Vehicle Intenders",187606
"LIFESTYLE Running, CUSTOM Charitable Donors",187594
"DEMO Age A55 Plus, SPORTS Arizona Diamondbacks Fans",186813
"FIN Investable Assets 500K Plus, DEMO Age A40 Plus",186810
"AUTO Type Used Intender, AUTO Truck Intenders",186487
"DEMO Age A21-34, DEMO Education High School, LIFESTYLE Vocational School",186292
FIN B2B Commercial Property Owner,186289
FIN CDs Savings Intenders,186286
"DEMO Age A25 Plus, Lifestyle Outdoors Hunting",186130
"DEMO Age A25 Plus, TRAVEL Beach",186125
"HH Home Value 400K Plus, HH Homes Built Before 2015, DEMO Age F35 Plus",186105
"FIN Insurance Homeowners, RETAIL Home Services Roofing Only",186034
"DEMO Age A45 Plus, FIN Services Retirement Planning",185891
"LIFESTYLE Boats RVs Motorcycles, RETAIL Home Services Security",185602
"DEMO Age F35-64, RETAIL Massage Spa Therapy",184931
"DEMO Age M18-34, AFIRST Sports Super Fans",184928
"HH Income 75K Plus, DEMO Homeowner, ENT Internet Intenders",184622
DEMO Age F18-49,184587
"HH Income 125K Plus, RETAIL Home Furnishing, DEMO Age F25-54",184165
"CLT 1P Lennar Homes_HHI 75k Plus, LIFESTAGE Buy Sell Home",183586
"Demo Age A45-54, LIFESTYLE College Courses",183071
"DEMO Age A25-54, CUSTOM AUTO Bronco Maverick Explorer Intender",182776
"DEMO Age A55 Plus, RETAIL Home Services Repair Renovation",182556
"FIN Credit Score Low, DEMO Age A18-34",182345
"DEMO Age A25-64, HH Children in Household",182288
"DEMO Age A35 Plus, DEMO Homeowner, HH Income 250K Plus",182209
"DEMO Age A35 Plus, HH Income 75K Plus, ENT Performing Arts",182066
"LIFESTAGE Prospective College Students, DEMO Age A18-34",181980
"CUSTOM Home Buyer First Time OR New Construction Home Intender Next 12 Months, HH Income 80k Plus",181926
"CUSTOM New Construction Home Intender Next 12 Months OR Homeowner, HH Income 80k Plus",181912
"HH Income 100K Plus, RETAIL Home Products Garden",181792
Males 18-49,181083
"DEMO Age A65 Plus, CUSTOM LIFESTAGE Home Residence 15 Years Plus AND Retired, HH Net Worth 750K Plus",180988
"HH Income 125K Plus, DEMO Age A65 Plus, CUSTOM LIFESTAGE Home Residence 15 Years Plus AND Retired",180929
"DEMO Age M35 Plus, DEMO Career Construction Workers",180705
LIFESTYLE Water Activities,180482
"AUTO Body Style Pickup and SUV, AUTO Make Dodge",180381
"DEMO Age A25 Plus, HH Home Value 250K Plus, RETAIL Home Furnishing",180336
"DEMO Age A25 Plus, CUSTOM Charitable Donors, HH Income 100K Plus",180111
"DEMO Age A50 Plus, FIN Investable Assets 1Mil Plus",179777
"DEMO Age A18 Plus, AUTO Intenders Pickup Expanded",179264
"DEMO Age A45 Plus, HLTH Physical Therapy",178890
"DEMO Homeowner, DEMO Age A40 Plus, HH Income 200K Plus",178848
LIFESTYLE Luxury,178833
"HH Income 150K Plus, RETAIL Home Garden Hot Tub",178679
"DEMO Homeowner, RETAIL Home Garden Pool, HH Net Worth 1M Plus",178637
"DEMO Career Business Owners Executives, HH Income 200K Plus",178624
Retail Seasonal Back to School,178618
"DEMO Spanish Speakers, AUTO Make Toyota Intenders",178597
"DEMO Age A25-54, AUTO Make Buick and GMC",178563
"DEMO Homeowner, HH Home Value 1M Plus",178539
"ENT News Viewers, POL Premion Right Leaning Voter",178192
"DEMO Age A35-64, HH Home Built Before 2000, HH Home Value 350K Plus",177849
"LIFESTYLE Mountain Biking, HH Income 100K Plus",177685
CLT 1P OnPath Federal Credit Union Atlanta National,177187
"Custom ENT Broadway Enthusiast, DEMO Age F35 Plus",176878
"HH Income 125K+, DEMO Age A25-54, FOOD Restaurant Enthusiasts",176510
"AUTO Type Owner, AUTO Intenders",176333
"AUTO Intenders Expanded, AUTO Make Chevrolet Expanded",176221
HH Children Ages 2-8,176169
"DEMO Age A35 Plus, DEMO Parent Caregiver",175998
DEMO Age F21-54,175885
"DEMO Age A18 Plus, SPORTS Enthusiasts",175736
"DEMO Homeowner, DEMO Age A55-70, RETAIL Home Services Repair Renovation",175649
"DEMO Age A50 Plus, DEMO Parent Caregiver",175108
"CUSTOM HH Dwelling Single Family and Lifestyle Dogs, DEMO Age F35-70",174879
HLTH Medicare Intenders,173492
"HH Income 75K Plus, AUTO Electric Intenders, AUTO Electric Intenders Expanded",173381
CUSTOM Charitable Donors,173347
"HH Children in Household, LIFESTYLE Health Fitness",172626
"HH Income 75K Plus, AUTO CDJR Intenders, AUTO Body Style SUV or CUV",172572
"DEMO Age A35 Plus, HLTH CRX DX Knee Replacement",172314
"LIFESTYLE Music Country, DEMO Age F40 Plus",172283
"HLTH CRX DX Hip Revision Surgery, DEMO Age A35 Plus",172266
"AUTO Intenders, LIFESTYLE Charity Cancer",171926
"DEMO Age A25 Plus, AUTO CDJR Intenders",171830
AUTO Make RAM Expanded,171506
"CUSTOM DEMO Homeowner and HH Income 200K Plus, DEMO Age A40 Plus",171187
"DEMO Age A35 Plus, LIFESTYLE Health Wellness Nutrition, HH Home Value 500K Plus",170904
"AUTO Intenders, AUTO Make Mazda",170728
FIN Real Estate Commercial Property,170727
"DEMO Age A25-64, ENT Performing Arts",170569
"DEMO Homeowner, HH Home Built Before 1970",170516
"FIN Credit Score Low, DEMO Age A35 Plus",170433
HH Children Ages 0-3,170340
"HH Children in Household, DEMO Age A18-54",170247
"AUTO Type Owner, DEMO Age A18-54",170242
"RETAIL Home Services Windows Doors Siding Roofing Deck Patio, LIFESTYLE Grilling",170100
"DEMO Age A25 Plus, RETAIL Home Products Mattress",169995
DEMO Age F50 Plus,169555
"RETAIL Salons and Spas, HH Income 150K Plus, DEMO Age A25-54",169545
"DEMO Age A25-44, DEMO Career Healthcare Nurse, DEMO Career Healthcare",169357
"RETAIL Home Services Home Improvement, DEMO Age F35 Plus, HH Income 100K Plus",168939
"DEMO Age A25 Plus, LIFESTYLE Health Wellness Weight Loss",168859
"AUTO Type Domestic, SPORTS Enthusiasts",168856
"DEMO Homeowner, RETAIL Home Services Home Improvement",168823
HLTH CRX Cancer with Oncology,168549
"DEMO Age A35 Plus, HH Income Less than 150K",168059
"HH Income 75K Plus, CUSTOM Frequent Drivers Prone to Accidents",167535
CUSTOM Millennial Minded Tech Junkie Fast Food Intenders with Children in HH 4-12,167316
SPORTS Hockey,166912
"DEMO Age A21-34, HH Income 60k Plus",166792
"DEMO Age A25 Plus, HH Income 50K Plus, TRAVEL Leisure",166724
SPORTS Women Sports Fanatics,166084
DEMO Career Business Owner Large,165243
"DEMO Age F21-34, HH Children Ages 10-14",164906
"LIFESTYLE Music Concert Goers, ENT Fairs and Festivals",164830
DEMO Age A18-24,164810
"AUTO Owner CDJR, FIN Credit Score Mid to High",164793
"CUSTOM Home Buyer First Time OR New Construction Home Intender Next 12 Months, HH Income 150K Plus",164224
"HH Income 150K Plus, CUSTOM New Construction Home Intender Next 12 Months OR Homeowner",164221
"HH Income 50K Plus, RETAIL Home Appliance Intender",164127
CLT 1P Wild Animal Sanctuary Look Alike,163913
"HH Income 125K Plus, HH Homes Built Before 2015",163887
LIFESTYLE Outdoors Fishing,163867
"DEMO Age F35-70, HLTH Heart",163822
HLTH CRX DX Diabetic Macular Edema,163314
HLTH CRX DX Diabetic Retinopathy,163309
"DEMO Age A35 Plus, HH Homes Built Before 2015",163023
"DEMO Age A35 Plus, RETAIL Home Remodel",162936
"HH Home Value 500K Plus, RETAIL Outdoor Furniture",162764
"DEMO Age A25 Plus, HH Property Type Garages",161917
"LIFESTYLE Public Transportation, DEMO Age A18-34",161735
"AUTO Ford SUV or Truck Intenders Expanded, FIN Credit Score Mid to High",161621
"HH Income 125K Plus, DEMO Homeowner, DEMO Age F35-70",161465
"Lifestyle Outdoors, DEMO Age A25-64",161455
"HH Net Worth 1M Plus, RETAIL Fashion Fine Jewelry",161365
"LIFESTYLE Vocational School, DEMO Age F18 Plus",161254
"RETAIL Groceries, DEMO Age A25-54",161224
"CUSTOM HLTH Womens Health Menopause, DEMO Age F35 Plus, HH Income 100K Plus",160775
"HH Net Worth 500K Plus, DEMO Age F55 Plus",160706
"DEMO Age F35-64, HH Income 500K Plus, HH Home Value 750K Plus",160691
"LIFESTYLE Public Transportation, DEMO Age A35-54",160664
LIFESTYLE Charity Health,160600
"DEMO Age A35 Plus, RETAIL Home Services Flooring",160328
"HH Net Worth 100K Plus, LIFESTYLE Health Fitness Seniors",160160
CLT 1P OnPath Federal Credit Union EMM,160112
"DEMO Age A25 Plus, RETAIL Home Services Roofing Only",159958
"DEMO Career Healthcare, CUSTOM DEMO Career Food Service and Restaurant Workers, DEMO Age A18-44",159932
HLTH CRX DX Cataracts,159846
FOOD Organic,159742
DEMO Career Caregiver,159603
DEMO Career Paramedic or Healthcare,159582
"SPORTS Soccer, HH Income 50-100K",159539
"Lifestyle Music, ENT Performing Arts",159521
"DEMO Homeowner, HH Income 150K Plus, DEMO Age A35-54",159446
"DEMO Age A55 Plus, DEMO Homeowner, HH Income 150K Plus",159402
"TRAVEL Outdoor Adventure, TRAVEL Intender",158055
"AUTO Make KIA Expanded, AUTO Intenders Expanded",157934
"DEMO Homeowner, LIFESTYLE Cooking Enthusiast, DEMO Age F35 Plus",157594
"HLTH Insurance Medicaid, HH Income Less than 150K, HLTH Preventative Care",157426
"CUSTOM AUTO Bronco Ford SUV Intender, DEMO Age A25-54",157280
"DEMO Age A35 Plus, HH Income 150K Plus, CUSTOM New Home Buyer",157100
AUTO Owner Subaru,156996
"DEMO Age A40 Plus, Lifestyle Charity, HH Income 80k Plus",156983
"HH Income Less than 125K, HH Children Ages 13-18",156964
CLT 1P North Carolina Blumenthal Performing Arts DEMO F35-64 Spamalot,156905
"TRAVEL Cruise, HH Income 150K Plus",156733
"AUTO Make Nissan, DEMO Age A25-54",156563
"DEMO Age A25 Plus, CUSTOM AUTO Supreme Chevy Gonzales",156480
"DEMO Spanish Speakers, LIFESTAGE Expecting Mothers",156457
"DEMO Spanish Speakers, LIFESTAGE Mothers",156451
"ENT General Interest, SPORTS Auto Racing or NASCAR",156367
"DEMO Age A45 Plus, HLTH CRX Heart Health",156210
"DEMO Age A25-40, HLTH Glasses and Contact Lenses, HH Income 250K Plus",156137
"DEMO Age A25-40, DEMO Ethnicity Asian, HH Income 250K Plus",155968
"LIFESTYLE Music Country, LIFESTYLE Music Concert Goers, DEMO Age A25-49",155929
"DEMO Age A35 Plus, CUSTOM DEMO Homeowner AND HH Income 150K Plus, HH Dwelling Single Family",155886
"DEMO Age A50 Plus, HH Home Value 750K Plus, LIFESTYLE Health Fitness",155352
"LIFESTAGE Home Buyer, DEMO Age A25-54",155243
"LIFESTAGE Home Buyer, FIN Banking Intenders OR FIN Credit Union Members",155130
LIFESTYLE Trading Card Enthusiasts,155083
"HH Income 125K Plus, HLTH CRX DX Alcohol Opioid Dependency",154882
"DEMO Age A35 Plus, CUSTOM Residential Renovation and Repair",154718
"HH Income 200K Plus, TRAVEL Luxury",154573
"HH Income 150K Plus, DEMO Age A25-54, AUTO Drivers",154303
"DEMO Age A45 Plus, DEMO Homeowner, AUTO Electric Intenders",154268
"DEMO Age A25 Plus, FIN Credit Card Debt, FIN Legal Services",154219
DEMO Career Business Owners Executives Small,153908
"DEMO Age A25-64, HH Income 100K Plus",153872
"DEMO College Student, DEMO Age A18-24",153626
"RETAIL Home Services Foundation Repair, RETAIL Home Services Repair Renovation",153615
"HH Income 250K Plus, RETAIL Home Services Home Improvement",153473
"DEMO Age A55 Plus, CUSTOM DEMO Senior Living Care Estate Planning Caregiver, HH Income 100K Plus",153107
"CUSTOM DEMO Career Property Facility Maintenance Decision Maker, DEMO Career Insurance Agents",153105
"DEMO Age A25 Plus, HH Home Built Before 2014, HH Home Value 150K Plus",152812
"DEMO Age A25 Plus, RETAIL Home Services Repair Renovation",152763
WEB RT - Sycuan Casino,152596
"DEMO Age A50-64, HH Income Less than 50K",152544
"DEMO Age A35-64, DEMO Homeowner, HH Income 150K Plus",152411
"FIN Business Owner and Management, DEMO Career Blue Collar",152173
CUSTOM AUTO Body Style Pickup and SUV Expanded,152105
"AUTO Intenders, FIN Banking and Mortgage Intenders",152092
"DEMO Age A25 Plus, DEMO Career Business Owners Executives",151974
"DEMO Age A25-64, HLTH Conditions Hearing",151949
"DEMO Age A35 Plus, LIFESTAGE Home Renter Intender",151928
"DEMO Age A35 Plus, HH Home Value 250K Plus, CUSTOM Residential Renovation and Repair",151911
HH Children Ages 0-5,151861
"HH Income 100K Plus, HH Home Built Before 2010 AND HH Homeowner",151836
"DEMO Age A21-64, HH Income Less than 50K",151820
"ENT History Buffs, TRAVEL Outdoor Adventure",151803
HH Children Ages 4-14,151580
"DEMO Age A35-64, HH Income 50K Plus, AUTO Chevrolet Intenders",151461
"DEMO Homeowner, DEMO Age F32-60, HH Income 100K Plus",151431
"DEMO Age A35-44, AUTO Owner Truck",151414
Location RT - Jim Adler Dallas,151302
"DEMO Age A25-54, FOOD Restaurant Enthusiasts",151290
FIN Credit Score Low to Mid,151274
"Custom ENT Broadway Enthusiast, DEMO Age A25-54",151192
"DEMO Age A21-34, Lifestyle Outdoors",150847
"AFIRST Parents, CUSTOM SPORTS WNBA Fans",150156
"SPORTS Soccer, DEMO Bilingual English and Spanish",150086
"ENT General Interest, HH Children Ages 4-8",150029
Auto Intenders - Domestic Vehicle,150027
"DEMO Age A25-54, RETAIL Home Services Plumbing",149735
"AUTO Truck Intenders Expanded, DEMO Age A21 Plus",149603
CLT 1P OnPath Federal Credit Union Austin National,149518
CLT 1P OnPath Federal Credit Union Dallas National,149517
"AUTO Service Expanded, CLT 1P Currie Buick GMC",149440
"RETAIL Home Services Flooring, RETAIL Home Remodel",149247
"DEMO Age F35-64, ENT Comedy",148893
RETAIL Home Services Foundation Repair,148635
HLTH Caregiver in HH,148564
"HH Income 150K Plus, LIFESTYLE Charity Childrens Causes",148402
"DEMO Age A25 Plus, DEMO Homeowner, HH Income 250K Plus",148225
"DEMO Age A25 Plus, LIFESTYLE Luxury, DEMO Homeowner",148211
"HH Income 75K Plus, AUTO Electric Intenders",148088
"HH Income 125K Plus, AUTO Intenders Pickup",148008
"DEMO Age A25-44, SPORTS General",147806
"CUSTOM Homeowner AND Auto or Home Insurance, AUTO HH 2 Car",147392
"DEMO Age A25 Plus, ENT General Interest",147288
"DEMO Ethnicity African American, HH Children in Household",147094
LOCATION RT - Jim Adler - Houston,147083
"DEMO Age F40 Plus, HLTH_Veins _Fibroids, RETAIL Cosmetic Procedures",146820
"LIFESTYLE Gaming, DEMO Age M18-34",146805
DEMO Age F21-34,146790
"HH Home Value 200K Plus, HH Home Built Before 2014",146705
LIFESTYLE Thrill Seekers,146601
"AUTO Intenders, CUSTOM AUTO Intenders Expanded",146481
"AUTO Type Used Intender, HH Income Less than 50K",146183
"AUTO Drivers, DEMO Age M18-34",146157
"LIFESTAGE Education Services, DEMO Age A18-34",145856
"DEMO Age F18-44, DEMO Spanish Speakers",145837
"HH Income 75-150K, DEMO Age A65 Plus",145741
"DEMO Age A35-44, HH Income 100-250K, TRAVEL Family",145728
"HH Children Ages 0-14, DEMO Age F25-54",144899
CLT 1P Children in HH Ages 6-17 Eduprize Suppression,144721
CLT 1P Legacy Wealth Management HH Net Worth 2M Plus,144705
"HH Children in Household, Demo Religion Christian",144369
"DEMO Age A35 Plus, TRAVEL Family, HH Income 100K Plus",144287
"HH Home Value 150K Plus, Lifestyle Skiing and Snowboard Interest",144286
"Lifestyle Outdoors Hunting, HH Income 50K Plus",144088
"HH Income 50K Plus, RETAIL Home Products Mattress
HH Income 50K Plus, RETAIL Home Products Mattress",143815
"HH Income 100K Plus, LIFESTAGE Home Buyer",143580
"FIN Credit Score High, AUTO Truck SUV Buick GMC Expanded",143350
"HH Children Ages 4-18, DEMO Ethnicity African American, LIFESTYLE Music Concert Goers",143287
"DEMO Age A35 Plus, DEMO Education Post Graduate",143234
"HLTH Cancer, DEMO Age A45-64",143168
"DEMO Age A35-64, HH Income 150K Plus, RETAIL Home Services Home Improvement",143085
"DEMO Senior Living Care, DEMO Age A35 Plus",142916
"DEMO Age A35 Plus, RETAIL Generator, HH Income 250K Plus",142809
"FIN Insurance General, DEMO Age A21 Plus",142802
"DEMO Age A18-49, ENT Theme Parks",142748
"Lifestyle Volunteerism, LIFESTYLE Charity Childrens Causes",142564
"Custom ENT Broadway Enthusiast, DEMO Age F45 Plus",142482
"DEMO Spanish Speakers, HH Children Ages 0-12",142208
"TRAVEL Family, DEMO Age A25-54",142074
"FIN Credit Score Mid to High, HH Net Worth 250K Plus",141894
"DEMO Age A45-64, HLTH Heart",141781
"DEMO Age A25 Plus, AUTO Make KIA",141769
LIFESTYLE Hobbies Crafts,141538
"FOOD Bev Whiskey, ENT Fairs and Festivals, HH Income 150K Plus",141152
WEB RT - Wilkes County Tourism,140942
"FIN Insurance General, DEMO Homeowners and HHI 75K Plus",140888
FIN Services Advisor,140727
"DEMO Career Blue Collar, DEMO Age M18-34",140154
"DEMO Age M25-54, SPORTS Golf",139740
"HH Income 30K Plus, HH Home Built Before 2014",139711
"DEMO Ethnicity African American, DEMO Age A18-34",139669
"CUSTOM Charitable Donors, HH Income 100K Plus",139668
LIFESTYLE Commuters,139611
CLT 1P NC Blumennthal ENT Performing Arts F35-64 Jan 2026,139456
DEMO Education College Some OR Associates Degree,139447
"TRAVEL Spring Break, DEMO Age A18-34",139180
"FOOD Asian Cuisine, LIFESTYLE Cooking Enthusiast",139146
"DEMO Age F35-54, HH Children in Household, LIFESTAGE Prospective College Students",138963
CLT 1P Vistra Energy,138875
"HH Home Value 1M Plus, LIFESTYLE New Movers",138736
"HH Income 75K Plus, AUTO Make Honda Intenders, AUTO Ford Chevy Toyota Intenders",138650
"HH Property 1 Acre Plus, HH Income 100K Plus",138208
"DEMO Vacation Homeowner, DEMO Age A45 Plus, LIFESTYLE New Movers",138065
"FIN Services Mortgage, FIN Loan Auto",137543
"HH Income 50K Plus, DEMO Age F25 Plus",137388
"DEMO Age A25 Plus, HH Children Ages 4-12",137301
"AFIRST Outdoor Adventurers, DEMO Age A21 Plus",137240
"AUTO Intenders Expanded, AUTO Make Mazda Expanded",137237
AUTO Make GMC,136617
"DEMO Age A35-64, HH Home Value 200K Plus, RETAIL Home Services Roofing Only",136258
"DEMO Age A35-64, RETAIL Home Services Windows Doors, HH Home Value 200K Plus",136250
"DEMO Homeowner, RETAIL Home Services Roofing Siding, DEMO Age A25-64",136221
HH Income 125K+,135548
Carrier Corp_RFPID-254911_RT,135513
FIN Credit Score High,135351
CLT 1P Bayport Credit Union FIN Credit Union Intenders,135186
"AFIRST Movers Fixers and DIYers, DEMO Age A35-54",135152
"DEMO Age A35 Plus, CUSTOM TRAVEL Road Trips Resorts AND SoCal Visitors",135009
"HH Children in Household, ENT Zoo",134989
"HLTH Dentures and Implants, DEMO Bilingual English and Spanish, HLTH A65 Insurance Medicare",134976
"DEMO Age A35-64, RETAIL Home Products Appliances",134622
"HH Income Less than 50K, DEMO Age A18-54, LIFESTYLE Career Changers",134583
"AUTO Make GMC, DEMO Age A35 Plus, AUTO Intenders",134540
"HH Children in Household, LIFESTYLE LGBTQ Community",134267
"DEMO Age A25 Plus, HH Home Value 750K Plus, RETAIL Home Furnishing",134083
DEMO Marital Status Married,134056
"RETAIL Bathroom Remodeling, DEMO Age F45 Plus",134041
"DEMO Age A25 Plus, DEMO Religion Protestant",133980
"AUTO Make Chevrolet, DEMO Age A25 Plus",133823
"DEMO Bilingual English and Spanish, RETAIL Home Furnishing Intender",133788
DEMO Career Architects,133601
"FOOD Casual Sit Down, DEMO Age A25-64",133564
"DEMO Age F35-54, RETAIL Home Remodel",133544
"RETAIL Home Services Windows Doors, HH Home Value 500K Plus",133520
CLT 1P Legacy Wealth Management FIN Services Advisor,133415
CLT 1P Legacy Wealth Management LIFESTAGE Retired,133406
"DEMO Age A21-64, RETAIL Fashion Fine Jewelry",133403
CLT 1P Legacy Wealth Management HH Net Worth 750K Plus,133387
"HLTH Insurance Medical, HLTH Orthopedic",133322
"HH Income 100K Plus, RETAIL Home Services Pest Control",133240
DEMO Age F18-64,133196
"DEMO Age A65 Plus, TRAVEL Intender, LIFESTAGE Retired",133056
"HH Income 75K Plus, AUTO Luxury Vehicle Intenders",132753
LIFESTAGE Mothers,132470
HLTH CRX DX Chronic Pain,132461
HLTH CRX DX Osteoarthritis,132354
"DEMO Marital Status Married, HH Children in Household",132231
"SPORTS Nascar, DEMO Age M25-64",131324
CUSTOM AUTO Harley Davidson,131173
"DEMO Vacation Homeowner, DEMO Homeowner, DEMO Age A40 Plus",130922
CLT 1P Window World,130554
"LIFESTYLE Thrill Seekers, SPORTS Hockey",130388
FIN Investable Assets 75k Plus,130253
FIN Investable Assets 2M Plus,130251
FIN Investable Assets 5M Plus,130250
FIN Investable Assets 100k Plus,130245
"DEMO Age A25 Plus, FIN Loan Auto",130178
CLT 1P North Carolina Blumenthal Performing Arts DEMO F25-54 SixAll,130128
"HLTH Glasses and Contact Lenses, DEMO Age A25-54",130102
"HH Income 150K Plus, LIFESTYLE Health Wellness Weight Loss, DEMO Age F35 Plus",130059
"DEMO Age A35-64, RETAIL Home Furnishing",129736
FIN Services TaxPrep,129625
"AUTO Service Parts, DEMO Age A18-54, AUTO Mileage 100K Plus",129379
"DEMO Age A35-64, AUTO Intenders",129379
FIN Investable Assets 1Mil Plus,129379
"HH Income 175K Plus, CUSTOM New Construction Home Intender Next 12 Months OR Homeowner",129068
"CUSTOM Home Buyer First Time OR New Construction Home Intender Next 12 Months, HH Income 175K Plus",129055
"DEMO Age A18-44, DEMO Career Employed and Uninsured",128997
"DEMO Age A25 Plus, FOOD Casual Sit Down",128697
"HH Income 75K Plus, AUTO Insurance",128574
AUTO Body Style ATV,128539
DEMO Career Hospitality,128513
"FIN Services Retirement Planning, HH Income 125K Plus",128469
"HH Income 125K+, DEMO Homeowner, DEMO Age F35-70",128094
"LIFESTAGE Job Seeker, DEMO Age A25 Plus",128026
"DEMO Age A55 Plus, HH Net Worth 500K Plus, FIN Services Retirement Planning",127905
"DEMO Age A55 Plus, CUSTOM Health Medicare, HH Net Worth 500K Plus",127903
"DEMO Age A50 Plus, HH Net Worth 1M Plus, DEMO Career Caregiver",127894
"DEMO Age A21 Plus, AUTO Intenders Pickup Expanded",127579
"DEMO Ethnicity African American, ENT Hulu Viewers, ENT Performing Arts",127559
"DEMO Age F35-64, ENT Hulu Viewers, ENT Performing Arts",127523
CLT 1P HH Children Ages 3-6 Eduprize Suppression,127423
"DEMO Age A18-44, DEMO Career Blue Collar, LIFESTAGE Job Seeker",127289
"DEMO Age A35 Plus, DEMO Career Contractor",127137
"DEMO Age A35 Plus, HH Property Type Garages",127045
"DEMO Age A25 Plus, HLTH Insurance Medical",126976
"DEMO Age A18-54, RETAIL Seasonal Christmas",126814
"DEMO Age A18 Plus, LIFESTYLE Charity Childrens Causes",126787
"FIN Credit Score High, AUTO Intenders Expanded",126749
AUTO Service Repair,126676
ENT Spectrum Customers,126518
"HH Income 75K Plus, FOOD Enthusiast",126496
AUTO Type New Intender,126064
CLT 1P North Carolina Blumenthal Performing Arts DEMO F35-64 MJ,125914
"DEMO Age A18 Plus, HLTH CRX DX Obesity, LIFESTYLE Health Wellness Weight Loss",125814
"DEMO Age A35-64, AFIRST Fitness Fanatics",125734
"AUTO Make Toyota Intenders, AUTO Body Style SUV Small, AUTO Make Intender Honda Nissan Subaru",125730
"DEMO Age F35-64, ENT Performing Arts, LIFESTYLE Music Concert Goers",125722
"DEMO Age A25 Plus, HH Income 75K Plus, AUTO Truck Intenders",125711
"DEMO Age A25 Plus, AUTO Luxury Vehicle Intenders",125688
HH Children Ages 4-8,125602
"HH Home Built Before 2014, RETAIL Home Services Roofing Only",125499
"FIN Credit Score High, AUTO Body Style Pickup",125407
"DEMO Age M35-64, SPORTS General",125367
CLT 1P North Carolina Blumenthal Performing Arts LIFESTYLE Music MJ,125259
"DEMO Age A35-64, HLTH CRX DX Skin Conditions",125221
"TRAVEL Winter Holiday, TRAVEL Family",125215
"LIFESTYLE Health Fitness, HH Children in Household",125205
"SPORTS Winter, DEMO Age A21-49",125203
"HH Income 100K Plus, LIFESTAGE Buy Sell Home",125112
"LIFESTYLE Charity Health, DEMO Age A21-54",125048
"FIN Credit Score High, DEMO Age M18-34",125045
"FIN Investable Assets 1Mil Plus, DEMO Age A55-70",125038
"Lifestyle Outdoors, DEMO Education High School, DEMO Age M18-34",125033
"HLTH Glasses and Contact Lenses, HH Income 100K Plus",125030
"Lifestyle Outdoors, DEMO Age M18-34, LIFESTAGE Job Seeker",125028
"DEMO Career Healthcare, DEMO Education College Some, DEMO Age A18-34",125026
"SPORT Events Visitors, Lifestyle Charity",125012
"DEMO Age A45 Plus, POL Premion Likely Voter",124757
"DEMO Age A45 Plus, HH Home Value 300K Plus",124712
"ENT General Interest, HH Income 100K Plus, Custom ENT Broadway Enthusiast",124527
"DEMO Age A35 Plus, ENT History Buffs",124461
"HH Children Ages 2-14, HH Income 100K Plus",124257
"HLTH Conditions, HH Income Less than 50K, DEMO Age A55-64",124212
"DEMO Age A25-44, HH Income 100-250K, LIFESTAGE Home Buyer",124085
"DEMO Age A45 Plus, LIFESTYLE Smoking",123817
"CUSTOM LIFESTAGE Home Residence 10 Years Plus AND Retired, HH Net Worth 500K Plus",123343
"DEMO Homeowner, DEMO Age A45 Plus, HH Income Under 60K",123139
"FIN Banking Intenders, DEMO Age A18-64",122769
"DEMO College Student, FIN Banking Intenders OR FIN Credit Union Members",122765
"DEMO Age F35-64, SPORTS Olympics",122118
"AFIRST Gamers and Tech Junkies, DEMO Age M18-34",122099
"DEMO Age A35 Plus, LIFESTYLE Music Concert Goers",121947
"DEMO Age A25-64, FOOD_ Sports Bar",121932
"HH Income 150K Plus, DEMO Age M35-64",121465
"HH Income 125K Plus, DEMO Age F35-64, DEMO Homeowner",121432
"DEMO Senior Living Care, DEMO Age A40 Plus",121384
"TRAVEL Weekend, HH Income 150K Plus",121288
CLT 1P NC Blumenthal Performing Arts Beetlejuice,121199
"FIN Credit Score Low, AUTO Intenders Expanded",121060
"HH Income 200K Plus, DEMO Age A25-54",120840
"DEMO Age A55 Plus, TRAVEL Intender, CUSTOM Beer and Nightlife Interest",120785
"DEMO Education College Some OR Associates Degree, DEMO Career Healthcare and Job Seekers, DEMO Age F18-34",120474
"LIFESTYLE Lottery Sweepstakes, Lifestyle Charity",120245
AUTO Ford Intenders Expanded,120198
"CUSTOM RETAIL Home Services Flooring OR HHI 150K Plus, DEMO Homeowner",120173
"DEMO Age A25-44, DEMO Career Healthcare Nurse",120112
CLT 1P North Carolina Blumenthal Performing Arts DEMO F35-64 TMS,120093
"AUTO Type Owner Expanded, DEMO Age A25-54",119990
"DEMO Age A50 Plus, HH No Children",119843
"HH Income 50-100K, AFIRST Sports Super Fans",119497
"DEMO Age A21 Plus, SPORTS General",119237
CLT 1P NFCU December Audiences Look Alike,119147
"DEMO Age A35-64, AUTO Intenders Pickup Expanded",119112
"DEMO Age A25 Plus, Lifestyle Music",118816
"DEMO Age A25 Plus, LIFESTYLE Music Rock",118788
"DEMO Age A25 Plus, ENT Performing Arts, RETAIL Seasonal Christmas",118785
"HH Income 100K Plus, TRAVEL Family",118647
"HH Income 75K Plus, DEMO Age A35 Plus, AUTO Luxury Vehicle Intenders",118605
DEMO Age M21 Plus,118431
CUSTOM AUTO Make Toyota Expanded,118408
"AUTO Make Chrysler, AUTO Body Style Pickup and SUV",118230
"DEMO Age A21-34, DEMO Career Military Veteran, LIFESTYLE Military Families",118099
"DEMO Age A21-34, DEMO Career Public Safety, LIFESTAGE Job Seeker",118092
"AUTO Truck Intenders, HH Income 100K Plus",117947
"DEMO Age A25 Plus, HH Children Ages 0-12",117940
AUTO Owner Honda,117727
"DEMO Ethnicity African American, LIFESTAGE Mothers, DEMO Age F21-49",117567
"DEMO Homeowner, LIFESTYLE New Movers, LIFESTYLE Pets Dogs",117461
"LIFESTAGE Expecting Mothers, DEMO Age F21-49",117419
"LIFESTAGE Mothers, DEMO Age F21-49",117411
"LIFESTAGE Mothers, DEMO Age F21-49, LIFESTYLE LGBTQ Community",117315
CLT 1P Rustys Air Conditioning and Heating A35 Plus AND Credit Score High,117248
"HLTH Preventative Care, HH Income Less than 150K, HLTH Insurance Medicare or Medicaid",117247
CLT 1P Rustys Air Conditioning and Heating A35 Plus AND HHI 100K Plus,117244
"DEMO Age A35 Plus, HH Income 500K Plus, CUSTOM LIFESTYLE Luxury OR LIFESTYLE Musical Instrument",117129
"LIFESTYLE Boats RVs Motorcycles, FIN Auto Loan or Refinance Intender",116959
"ENT Performing Arts, HH Children in Household",116702
"RETAIL Home Products Lawn, HH Home Value 200K Plus",116151
"DEMO Age A35 Plus, HH Income 75K Plus, Lifestyle Charity",115871
"DEMO Homeowner, FIN General In Mkt Shopper",115775
"DEMO Age A35 Plus, HH Children Ages 7-18",115742
"DEMO Age F21 Plus, HH Children Ages 0-12",115739
"RETAIL Home Services Roofing Siding, HH Home Value 750K Plus, HH Dwelling Single Family",115409
"Demo Religion Christian, HH Children Ages 5-11",115344
"HH New Home Build, HH Income 200K Plus",115197
CUSTOM DEMO Career Property Facility Maintenance Decision Maker,114862
"DEMO Age A25 Plus, RETAIL Home Products Lawn",114759
"RETAIL Furniture Appliances Mattress Electronics, DEMO Age F25-64",114708
"DEMO Age A25 Plus, AFIRST Parents, HH Income 150K Plus",114665
HH Homes Built Before 2015,114490
"DEMO Age A35 Plus, HLTH Conditions Pain, HH Income 100K Plus",114351
"ENT Zoo, DEMO Age F25-54, RETAIL Winter and Holiday Decorating",113777
CLT 1P HH Children Ages 4-12 Eduprize Suppression,113774
"DEMO Age A25 Plus, AFIRST Sports Super Fans",113499
"DEMO Age A25 Plus, HH Home Value 750K Plus, RETAIL Mid-High End Level Shopper",113465
"AUTO Make Buick, AUTO Intenders Expanded",113389
"AFIRST Movers Fixers and DIYers, DEMO Age M25-64, HH Income 100K Plus",112976
AUTO Body Style SUV Small,112896
"DEMO Age A35-64, ENT Performing Arts",112810
"DEMO Age F25-49, HH Income 100K Plus",112620
Lifestyle Technology,112540
"AFIRST Movers Fixers and DIYers, DEMO Age F25-64, HH Income 100K Plus",112489
"DEMO Homeowner, FIN Credit Card Debt",112347
"ENT Waterparks, HH Children in Household",112239
HLTH Insurance Medicaid,112227
"HH Home Value 500k Plus and Single Family, HH Income 150K Plus",112029
CLT 1P North Carolina Blumenthal Performing Arts DEMO F25-54 TheOutsiders,111614
"DEMO Age A25 Plus, HH Income 50K Plus, TRAVEL Business Traveler",111264
"DEMO Age A35 Plus, DEMO Education Bachelor",111236
FOOD QSR Coffee Shops,111229
"HH Income 75K Plus, AUTO Make Honda Intenders Expanded",110984
"HH Children in Household, DEMO Age F30-44",110093
"DEMO Homeowner, POL Premion Likely Voter",109869
"SPORTS Golf, DEMO Age A18-64",109732
"HH Income 75-150K, DEMO Age A25-64",109307
"DEMO Age A25 Plus, RETAIL Furniture Appliances Mattress Electronics",109305
"DEMO Age F25 Plus, DEMO Career Caregiver",109302
"HH Home Value 400K Plus, RETAIL Home Garden Pool",109295
CLT 1P OnPath Federal Credit Union,109291
"HH Income 75K Plus, AUTO Intenders, CUSTOM AUTO Body Style Sedan OR SUV Intender",108967
"HH Income 125K Plus, LIFESTYLE Health Wellness Weight Loss",108950
"DEMO Age A25 Plus, HH Income 125K Plus",108947
"HH Income 30K Plus, LIFESTYLE Pets Dogs OR Cats",108922
"DEMO Age A35 Plus, HLTH CRX DX Sports Injury",108882
"HH Income 75K Plus, AFIRST Travel Buffs and Sightseers",108824
"AFIRST Travel Buffs and Sightseers, ENT Fairs and Festivals",108818
"DEMO Age A25 Plus, CUSTOM AUTO Lease Expiring Expanded",108774
"FOOD Casual Sit Down, FOOD Healthy, FOOD Mexican",108682
"HH Income 150K Plus, TRAVEL Road Trips",108599
"FOOD Bev Beer, DEMO Age A25 Plus, TRAVEL Road Trips",108589
"DEMO Age A35 Plus, HH Home Value 300K Plus, RETAIL Home Remodel",108164
"HH Dwelling Single Family, HH Homes Built Before 2015",108017
HLTH Women Preventive Care,107891
"DEMO Spanish Speakers, HH Children in Household",107879
HH Home Value Less than 400K,107876
AUTO Type Electric,107687
"DEMO Age A25-54, HH Income 100K Plus",107527
CUSTOM Environmentally Conscience Consumers,107494
"HH Income 75K Plus, DEMO Renter",107477
"DEMO Age A40 Plus, DEMO Career CEO Operations Management, CUSTOM Decision Makers at Facilities or Construction or Insurance",107250
"DEMO Age F18-44, LIFESTAGE Expecting Mothers",107218
"DEMO Age F25 Plus, HH Income 150K Plus",107177
SPORTS March Madness,107156
"DEMO Age A25-64, AUTO Intenders Expanded",107126
"HH Income 125K Plus, HH Children Ages 6-12",107103
"LIFESTAGE Empty Nester, RETAIL Home Furnishing Intender",106777
"HH Income 125K Plus, LIFESTYLE Solar Energy",106707
"ENT Holiday Specials Viewers, CLT 1P North Carolina Blumenthal Performing Arts DEMO F25-54 Grinch",106534
"DEMO Age A25-35, ENT Performing Arts",106399
SPORT Events Visitors,106368
"HH Home Value 400K Plus, RETAIL Home Services Repair Renovation",106315
"DEMO Age A35 Plus, DEMO Homeowner, RETAIL Home Services Backyard",106307
"RETAIL Home Services Backyard, HH Home Value 400K Plus",106297
"DEMO Age A50 Plus, HLTH Liver Disease",106195
"HLTH CRX DX Alcohol Opioid Dependency, HH Income 100K Plus",105718
"CUSTOM Golf Enthusiasts, HH Income 250K Plus",105537
"LIFESTYLE Health Wellness, HH Children in Household",105306
HH Children Ages 7-18,105149
"CUSTOM DEMO Homeowner and HH Income 200K Plus, DEMO Age A45 Plus, HH Home Value 500K Plus",104885
"LIFESTYLE Adult Education Intenders, DEMO Age A25-54",104605
CUSTOM Summit FCU Buffalo_Affluent Empty Nesters,104123
CUSTOM Summit FCU Buffalo_Thriving Suburban Families,104118
CUSTOM Summit FCU Buffalo_Middle Income HHs,104114
"DEMO Age A25 Plus, CUSTOM AUTO Type Nissan Honda Toyota",103984
"DEMO Age A21-34, FIN General In Mkt Shopper",103935
"DEMO Age A35 Plus, HH Income 150K Plus, ENT Performing Arts",103928
AFIRST Shopaholics and Trendsetters,103705
CUSTOM LIFESTYLE Hot Tub Jacuzzi Spa Pool Enthusiasts,103395
"DEMO Age A35-64, AUTO Truck Intenders Expanded, HH Income 75K Plus",103373
CUSTOM Career Contractors Construction Workers,103368
AUTO Make Lincoln Expanded,103352
"DEMO Age A18-24, LIFESTAGE Prospective College Students",103341
"LIFESTYLE Bicycle Enthusiasts, LIFESTYLE Heavy App Users",103148
"RETAIL Home Garden Pool, HH Home Built Before 2010",103108
"HH Home Value 600K Plus, DEMO Age A35 Plus, DEMO Homeowner",102945
"HLTH Denture Intenders, HH Income 75-150K",102775
"HH Income Less than 50K, DEMO Age A18-64, LIFESTYLE Career Changers",102154
HLTH Physical Therapy,102062
"DEMO Age A45 Plus, HH Income 200K Plus",102015
"HH Children Ages 0-12, DEMO Bilingual English and Spanish",101387
"HH Children in Household, HH Income 150K Plus, DEMO Age A25-54",101066
"AUTO Service Repair Expanded, HH Income 100K Plus",101031
"DEMO Age A25 Plus, TRAVEL Beach, TRAVEL Casino",100889
"DEMO Homeowner, FIN Credit Score High",100880
"HH Children Ages 2-11, DEMO Age F25-54",100793
"DEMO Age A45 Plus, Custom ENT Broadway Enthusiast",100734
"AUTO Owner Chevrolet, AUTO Vehicle Year 2022 or Older, AUTO Mileage 100K Plus",100719
"DEMO Age F30-60, HH Children Ages 4-12",100697
"LIFESTYLE Music Jazz, DEMO Age A35 Plus",100626
AUTO Make New Chevy Silverado GMC Sierra,100600
"HLTH CRX DX Heart Conditions, DEMO Age F35-70",100597
"DEMO Age A18 Plus, LIFESTYLE Coin Collectors",100373
"DEMO Age A25 Plus, CUSTOM ENT Disney Fans",100114
"HH Children Ages 11-18, DEMO Age F18 Plus",100066
"ENT News Viewers, DEMO Age M35-64",100060
"DEMO Age A25 Plus, ENT Comedy",100046
"FIN Credit Score High, AUTO Make Subaru Expanded",100013
HLTH CRX DX Parkinsons,99981
"AUTO Body Style Pickup and SUV, DEMO Age M35 Plus",99888
"DEMO Age A25-64, FIN General In Mkt Shopper, HH Income 100K Plus",99766
"AUTO Intenders, HH Income 40K Plus",99728
"ENT Performing Arts, DEMO Age F45 Plus",99656
"HLTH Mens Preventive Care, LIFESTYLE Health Fitness",99569
HLTH CRX DX Asthma_COPD_Hypertension,98771
"HH Income 50K Plus, DEMO Age F25 Plus, RETAIL Beauty Products Skin",98635
"DEMO Age A21-64, AUTO Service Tires, AUTO Type Owner",98558
SPORTS Soccer,98361
"HH Children in Household, HLTH Preventative Care",98260
"ENT Museum and Art Enthusiasts, TRAVEL Road Trips",98252
"AFIRST Outdoor Adventurers, DEMO Age A25-54",98123
"DEMO Age A21 Plus, HH Children Ages 4-12",98011
"Custom ENT Broadway Enthusiast, ENT Comedy",97869
"AUTO Type New Intender, AUTO Luxury Vehicle Intenders",97760
"DEMO Age A25-64, LIFESTYLE Charity Health",97680
"DEMO Age A25-54, AUTO Body Style SUV",97606
"DEMO Age A18-49, FOOD QSR",96767
"DEMO Age A55-75, LIFESTAGE Empty Nester",96355
"HH Income Less than 50K, DEMO Education High School, DEMO Age A18-34",96265
"AUTO Make Hyundai Intenders, AUTO Make Hyundai Intenders Expanded",96137
"HH Children in Household, AFIRST Parents",95907
"DEMO Career Healthcare, FOOD Bev Coffee",95890
"DEMO Age A35 Plus, HLTH CRX DX COPD",95794
"DEMO Spanish Speakers, DEMO Career Construction Workers",95669
"DEMO Vacation Homeowner, HH Home Value 1M Plus",95635
"DEMO Age F35-64, FOOD Restaurant Enthusiasts",95224
"AUTO Type Owner Expanded, DEMO Age A25-49",95115
"DEMO Age F25 Plus, HH Children in Household",95051
"DEMO Age A35 Plus, AUTO Ford Intenders",95029
"DEMO Age A25 Plus, HLTH CRX Back Pain_Chronic Pain_Sports Injury",94946
"AUTO Truck Intenders OR SUV Intenders Expanded, DEMO Age A35 Plus",94722
"HH Income 125K Plus, DEMO Age A35 Plus, HH Homes Built Before 2015",94645
"AUTO Chevrolet Intenders, DEMO Age A35 Plus",94526
"DEMO Age A50 Plus, FIN Investable Assets 250k Plus, FIN Services Retirement Planning",94480
"DEMO Age F35-54, LIFESTYLE Lottery Sweepstakes",94472
"CUSTOM RETAIL Kitchen Bathroom Home Renovations, HH Income 100K Plus",94471
HH Home Value 750K Plus,94439
"DEMO Age A65 Plus, HLTH Insurance Medicare or Medicaid",94385
"POL Premion Republican Affiliation, DEMO Age A40-65",94336
CLT 1P NC Blumennthal ENT Books Life of Pi 2025,94219
"AUTO Type Used Intender Expanded, AUTO Ford Intenders Expanded",94117
"RETAIL Construction Landscape Farm HE Equip, LIFESTYLE Party Planner",94017
"HH Income 150K Plus, RETAIL Home Services Roofing Siding",93936
CUSTOM FIN Immigration Law,93900
"HH Income 150K Plus, RETAIL Home Garden Pool",93898
LIFESTYLE Rodeo Enthusiasts,93880
"DEMO Age A35-64, DEMO Career Oil and Gas",93714
CLT 1P POL L2 Luz Elena Chapa Non-Hispanic Runoff 2026,93653
"AUTO Ford Intenders Expanded, AUTO Type New Intender Expanded",93293
"DEMO Age A25-54, AUTO Drivers",93010
"CUSTOM AUTO Luxury Vehicle Intenders Expanded, HH Income 80k Plus",92982
"HH Children Ages 0-12, DEMO Age F25 Plus",92924
"HH Income 75K Plus, RETAIL Home Products Mattress, RETAIL Home Furnishing",92698
"HLTH Dentures and Implants, HH Home Value 1M Plus, HLTH A65 Insurance Medicare",92653
"DEMO Age A25 Plus, AUTO Type Electric Expanded",92554
"RETAIL Home Furnishing Intender, DEMO Age F45 Plus",92450
"RETAIL Home Products Garden, Lifestyle DIY",92243
"AFIRST Parents, DEMO Age A18-54",92182
"HH Home Value 200K Plus, HH Home Built Before 2000",92104
ENT History Buffs,92101
"DEMO Age A25 Plus, LIFESTYLE Adult Education Intenders",92072
"AUTO Make Honda Expanded, AUTO Intenders Expanded",92033
"DEMO Age M18 Plus, LIFESTYLE Boating",91915
"HH Income 75K Plus, AUTO Chevrolet Intenders Expanded",91752
CLT Hoffman Auto Group BMW Look Alike,91511
CLT 1P Hoffman Auto Group Honda Look Alike,91510
"FIN DEBTOR, DEMO Career Unemployed, DEMO Marital Status Divorced",91441
"TRAVEL Beach, TRAVEL Family, TRAVEL Outdoor Adventure",91440
"AUTO Lease Expiring 0 to 6 months, CUSTOM AUTO Make BMW Lexus Audi Mercedes Intender",91360
AUTO Make Mazda Intender,91047
"RETAIL Home Products Garden, DEMO Age F35 Plus",90721
"HH Income 125K Plus, DEMO Age F25-54",90653
"DEMO Age A35 Plus, LIFESTYLE Music Rap Hip Hop and RNB",90647
"CUSTOM HH Dwelling Single Family and Lifestyle Dogs, HH Income 150K Plus",90621
FOOD Seafood,90426
"DEMO Age A18 Plus, CUSTOM DEMO Homeowner AND HH Income 150K Plus, RETAIL Home Services Flooring",90413
"DEMO Spanish Speakers, AUTO Type New Intender",90283
"DEMO Age A25 Plus, DEMO Homeowner, ENT NCAA FB Viewers",90219
"DEMO Age M35-54, RETAIL CBD",90198
"DEMO Age A35 Plus, AUTO Body Style SUV Intender Expanded",90193
"RETAIL Home Products Lawn, AUTO Owner Truck",90122
"DEMO Age A25 Plus, HH Children Ages 6-17",90107
AUTO Service Repair Expanded,90036
"LIFESTYLE Public Transportation, HH Income 30-70K",90009
"LIFESTAGE Homeowner New, DEMO Age A35 Plus, HH Home Built 1990 - 2010",90002
"DEMO Age A55 Plus, HH Net Worth 500K Plus, HLTH CRX DX Cataracts",89917
"ENT General Interest, DEMO Age F45 Plus",89785
"ENT Movies, DEMO Age F45 Plus",89779
CLT 1P NFCU Q2 2026 LAL,89735
HLTH CRX DX Alzheimers,89692
"LIFESTYLE Music Jazz, DEMO Age A40 Plus, ENT Performing Arts",89611
"HH Children in Household, SPORTS General",89557
"DEMO Age A35-64, SPORTS Golf",89505
"DEMO Age A25-64, SPORTS Enthusiasts",89383
"DEMO Age A18 Plus, AUTO Make RAM, AUTO Truck Intenders",89308
"DEMO Age M35-64, LIFESTYLE Outdoors Fishing",89304
"Lifestyle Outdoors Hunting, DEMO Age M35-64",89242
CLT 1P YMCA South Hampton Roads Former Members,88972
DEMO Renter,88896
"RETAIL Home Furnishing, DEMO Bilingual English and Spanish",88856
DEMO Age F55 Plus,88791
"DEMO Age A25 Plus, AUTO Make Toyota Intenders Expanded",88671
RETAIL Fashion Watches,88224
"LIFESTYLE Special Olympic Fans, Lifestyle Charity",88223
"RETAIL Home Services Windows Doors, DEMO Age A25-54",88146
SPORTS Auto Racing,88069
CLT 1P TDS Telecom OOT Kim 2026,87988
"ENT Fairs and Festivals, Lifestyle Music",87905
"HLTH Insurance Medical, DEMO Age F35-64",87836
"CUSTOM DEMO Age A18 Plus Non-Hispanic, POL Tunnl Democratic Primary Voters",87710
"TRAVEL Casino, DEMO Age A25-54",87604
"DEMO Age A35 Plus, AUTO Make Mercedes Benz, AUTO Make BMW",87149
"DEMO Age A35-64, AUTO Type Domestic Expanded",86918
"LIFESTAGE Pre School Early Childhood, HH Income Less than 50K",86909
"DEMO Homeowner, Lifestyle Skiing and Snowboard Interest",86875
HLTH CRX DX Hair Loss,86805
"AUTO SUV AND TRUCK INTENDERS, FIN Credit Score Mid to High",86665
"HH Home Value 250K Plus, DEMO Homeowner",86644
"DEMO Age A21 Plus, LIFESTYLE Health Fitness",86545
"DEMO Age F25 Plus, Custom ENT Broadway Enthusiast",86454
"DEMO Ethnicity African American, DEMO Age M25-64",86432
"AUTO Make GMC, DEMO Age A35 Plus, CUSTOM AUTO Intenders Expanded",86368
"AUTO Make Cadillac Expanded, AUTO Type Electric Expanded",86027
"HH Income 75K Plus, DEMO Age A35 Plus, ENT Performing Arts",85979
"HH Income 75K Plus, DEMO Age A45 Plus, ENT Performing Arts",85954
"AFIRST Luxury Shoppers, DEMO Age A25 Plus, HH Income 250K Plus",85767
"DEMO Age A45 Plus, AUTO RV Intenders",85552
LIFESTYLE Sports Memorabilia,85488
FOOD QSR or Casual Sit Down,85431
"RETAIL Bathroom Remodeling, HH Income 100K Plus",85364
"AUTO Truck Intenders, HH Income 75K Plus",85080
HLTH Conditions Pain,85046
"DEMO Age A40-65, POL Premion Democratic Affiliation",85043
"DEMO Education College Some OR Associates Degree, DEMO Age A40-65",84999
"DEMO Homeowner, DEMO Age A45 Plus",84946
"FOOD Bev Wine, DEMO Age A21 Plus",84675
"DEMO Age A25 Plus, HH Children None, HH Income 60k Plus",84552
"DEMO Age A18-49, AUTO RV Intenders",84224
"HH Children Ages 0-14, HH Children Ages 15-21",84151
"DEMO Age A60 Plus, FIN Investable Assets 250k Plus",84060
"DEMO Age A25 Plus, FIN Services Investments",83918
"RETAIL Bathroom Remodeling, DEMO Age A45 Plus",83721
"AUTO Make KIA Expanded, AUTO Body Style SUV Expanded",83486
"AFIRST Parents, HH Children Ages 6-12",83455
"AFIRST Parents, HH Children Ages 13-17",83454
"DEMO Age A35-64, HH Home Value 250K Plus",83392
"DEMO Age M18 Plus, DEMO Career Blue Collar",83381
"SPORTS Nascar, HH Children Ages 5-15",83379
"HH Income Less than 50K, RETAIL Home Furnishing Intender",83357
AUTO Type RV,83279
"AUTO Intender Mid-Size SUV Intender Expanded, DEMO Age A18-64",83052
"HH Income 75K Plus, RETAIL Home Services Repair Renovation",83047
"FIN Services Loan Personal, DEMO Age A25-54",82997
FOOD Bev Wine and Spirits,82859
"DEMO Age M18-44, AFIRST Sports Super Fans",82594
"AFIRST Gamers and Tech Junkies, DEMO Age M18-44",82590
"DEMO Age A55 Plus, HLTH CRX DX Diabetes",82343
"LIFESTYLE Music Concert Goers, DEMO Age F35 Plus",82331
"DEMO Age A25 Plus, FIN Investable Assets 500K Plus",82318
WEB RT-American Standard Zephyr DBA Michael Bonsby,81770
LIFESTYLE Boats RVs Motorcycles,81632
"DEMO Age A30 Plus, HH Home Value 750K Plus, RETAIL Home Furnishing",81613
"ENT General Interest, LIFESTYLE Rodeo Enthusiasts",81532
"HH Income 75K Plus, LIFESTAGE Home Renter Intender",81136
AUTO CDJR Intenders,81135
CLT 1P All Pets Considered LIFESTYLE Pets,81135
HLTH CRX DX COPD,81070
"DEMO Age A25 Plus, AUTO Make Volkswagen",81015
"DEMO Age F25-54, HH Children Ages 7-18, ENT Comedy",80961
TRAVEL Outdoor Adventure,80910
LOCATION RT - Jim Adler - San Antonio,80904
"LIFESTAGE New Mover or Homeowner, LIFESTAGE Buy Sell Home",80797
"HH Income 250K Plus, RETAIL Fashion Fine Jewelry",80732
"Lifestyle Outdoors, DEMO Age M35-64, LIFESTYLE Weight Loss",80714
"DEMO Age A35 Plus, HH Home Value 250K Plus, RETAIL Home Services Repair Renovation",80493
DEMO Vacation Homeowner,80492
"RETAIL Home Furnishing, LIFESTAGE New Mover or Homeowner",80474
"HH Income 50K Plus, LIFESTYLE Health Wellness, DEMO Age F25 Plus",80378
"DEMO Age F35-64, HH Home Value 750K Plus",80090
"DEMO Age A35 Plus, AUTO Make GMC Expanded, AUTO Intenders Expanded",79854
LIFESTYLE Christmas Enthusiast Holiday Entertainer,79755
"RETAIL Halloween Costumes, DEMO Age F35 Plus",79746
"HH Children Ages 0-5, DEMO Age F18-34",79711
"DEMO Age A35 Plus, LIFESTYLE Religion, HH Income 100K Plus",79413
"DEMO Family Caregiver, AFIRST Parents, CUSTOM HH Children Ages 16-18 OR Age 18-24",79304
"DEMO Age A18-24, LIFESTYLE Music Concert Goers",79199
"HH Property 5 Acres Plus, DEMO Age A25 Plus",79057
"CUSTOM Golf Enthusiasts, HH Children Ages 5-15",79053
"FIN DEBTOR, CUSTOM DEMO Career Unemployed or Divorced",79005
DEMO Age A18-29,78864
"DEMO Age A45 Plus, DEMO Career Military Veteran",78851
"HLTH Conditions, HH Income Under 60K, HH Net Worth 250K Plus",78843
"DEMO Age A35 Plus, DEMO Lifestyle Military OR Public Safety, LIFESTAGE Job Seeker",78840
"DEMO Age A35 Plus, DEMO Career Teachers and Educators, LIFESTAGE Job Seeker",78839
"HH Income 125K Plus, DEMO Age F25 Plus",78817
"DEMO Age A35 Plus, HH Income 200K Plus, RETAIL Home Products Garden",78724
"DEMO Age A35 Plus, HH Net Worth 500K Plus",78674
"LIFESTYLE Pets, TRAVEL Family",78160
"AFIRST Travel Buffs and Sightseers, DEMO Age F35-64",78158
"AFIRST Travel Buffs and Sightseers, DEMO Career Govt Employee",78143
DEMO Education Bachelor,78141
WEB RT - Carrier Corp E. Smith Heating & Air Conditioning,78117
"Lifestyle Outdoors, HH Income 150K Plus",77932
"DEMO Age A25 Plus, AUTO Chevrolet Intenders Expanded",77828
"HH Income 150K Plus, DEMO Age F35 Plus",77745
"DEMO Age A25 Plus, DEMO Homeowner, RETAIL Home Services HVAC",77440
"AUTO Service, HH Income 100K Plus",77239
"DEMO Age A25 Plus, RETAIL Home Furnishing",77182
"HLTH Dental, DEMO Age A45 Plus",77174
"DEMO Age A25 Plus, FOOD QSR Pizza",77153
"DEMO Age A35-64, LIFESTAGE College Planning Parents",77057
CLT 1P POL L2 Luz Elena Chapa Hispanic Runoff 2026,76621
"HH Net Worth 1M Plus, DEMO Age A55-70",76498
"LIFESTAGE Homeowner New, HH Income 100K Plus",76489
"AUTO Make Mazda Intender, AUTO Intenders",76441
"DEMO Age M18-49, SPORTS General",76252
"HH Income 125K Plus, HLTH CRX DX Osteoarthritis Knee",76202
"LIFESTAGE Home Buyer First Time, CUSTOM New Construction Home Intender Next 12 Months, HH Income 150K Plus",76121
"DEMO Age A25 Plus, RETAIL Home Services HVAC",76104
"FOOD Mexican, FOOD Casual Sit Down, FOOD Healthy",76088
LIFESTAGE Expecting,75934
"CUSTOM RETAIL Toys Games Collectibles Lego, DEMO Age A18-49",75814
"DEMO Age F25-64, HH Children in Household, ENT Performing Arts",75798
"AFIRST Parents, SPORTS Gymnastics",75717
"HH Income 75K Plus, AUTO Make Toyota Intenders",75470
"DEMO Ethnicity African American, HH Children Ages 6-17",75318
"DEMO Homeowner, HH Home Value 150K Plus, RETAIL Home Furnishing Intender",75281
"HH Income 75K Plus, AUTO Make Honda",75221
"DEMO Age A40 Plus, ENT Game Show Fans",75131
"HH Children Ages 2-11, DEMO Age F32-60, HH Income 150K Plus",75119
CLT 1P POL Erroll Williams 2025,75040
ENT Theme Parks,74467
CLT 1P Rutter Mills Age A25-54,74315
"HH Home Value 250K Plus, HH Children Ages 6-17",74203
"DEMO Age A35-64, AUTO Make Model Chevrolet Silverado, HH Income 100K Plus",73927
AUTO Make Hyundai Intenders Expanded,73735
"DEMO Age A45 Plus, HLTH CRX DX Smoker",73673
"ENT Holiday Specials Viewers, ENT Performing Arts",73655
"AUTO Truck Intenders OR SUV Intenders, FIN Credit Score Mid to High",73589
"DEMO Age A25-64, AUTO Intenders Expanded, AUTO Body Style SUV Small",73547
"HLTH Dental, DEMO Age A35 Plus",73507
"DEMO Age A35-64, HH New Home Build, HH Income 100K Plus",73257
"CUSTOM HLTH Back Pain, DEMO Age F35 Plus",73105
"DEMO Age A35-64, AUTO Truck Intenders Expanded, HH Income 50K Plus",73094
DEMO Age M45 Plus,72872
"AFIRST Outdoor Adventurers, TRAVEL Family",72868
"DEMO Age A25 Plus, RETAIL Home Services Windows Doors",72664
"DEMO Age A25 Plus, LIFESTAGE Home Buyer First Time",72642
"DEMO Homeowner, DEMO Age A40-65",72640
"LIFESTYLE Health Fitness Seniors, HH Net Worth 250K Plus",72260
"DEMO Age A25-44, RETAIL Seasonal Christmas",72179
"DEMO Age A45 Plus, Lifestyle Charity",72178
"AUTO Type Motorcycles, DEMO Age A18-54",72167
"DEMO Age A25-54, AUTO Make Subaru Expanded",72166
"FOOD Barbeque, FOOD Enthusiast",72148
"HH Income 200K Plus, LIFESTYLE Charity",72142
"DEMO Age A25 Plus, AUTO Make Nissan",72084
"DEMO Age A25 Plus, HH Income Less than 100K",72024
"DEMO Homeowner, HH Income 200K Plus, DEMO Age A25-64",72019
"HH Income 125K Plus, LIFESTYLE Running",71970
"DEMO Age A35 Plus, LIFESTYLE Security Affairs",71955
"DEMO Age A35-64, HLTH CRX DX Alcohol Opioid Dependency, HH Income 200K Plus",71876
CLT 1P HH Children Ages 3-12 Eduprize Suppression,71665
"DEMO Age A25-44, ENT General Interest",71550
"DEMO Age F35-54, ENT Performing Arts",71550
"HH Income 100K Plus, HH Property Type Garages
HH Income 100K Plus, HH Property Type Garages",71315
"HH Children Ages 0-12, DEMO Career Military Veteran",71201
"DEMO Career Military Veteran, HLTH Disabled",71122
"HLTH Conditions Diabetes Type 2, HLTH Disabled",71117
"DEMO Age A25 Plus, Lifestyle Military",70962
"DEMO Age A25-64, AUTO Type Used Intender Expanded",70842
ENT Comic Books,70805
"DEMO Age A35 Plus, RETAIL Home Products Lawn",70729
"HH Income 50K Plus, AUTO Body Style SUV Intender",70561
"HH Children Ages 0-12, DEMO Career Blue Collar",70339
"RETAIL Home Remodel, HH Income 100K Plus",70109
"DEMO Age F35-54, TRAVEL Road Trips",69982
"DEMO Age F35-54, TRAVEL Family",69977
"DEMO Age F35-54, TRAVEL Leisure",69962
"DEMO Age F35-54, TRAVEL Outdoor Adventure",69961
"AUTO Intenders Pickup Expanded, AUTO Make GMC",69804
CLT 1P Hoffman Auto Group Porsche Look Alike Audience,69798
HLTH CRX DX Congestive Heart Failure_Heart Valve Disease,69559
"DEMO Age A25 Plus, TRAVEL Weekend",69318
"FIN Banking Intenders, DEMO Age A18-34",69248
"LIFESTYLE Alternative Medicine, HH Income 250K Plus",69100
"AUTO Chevrolet Intenders, HH Income 75K Plus",69096
"HH Income 75K Plus, ENT Fairs and Festivals",68888
HLTH Preventative Care Pediatrics,68797
"DEMO Age A21 Plus, AUTO Type Used Intender",68599
LIFESTYLE New Movers,68532
"HH Income 75K Plus, AUTO Body Style Pickup Expanded",68522
"FIN Auto Loan or Refinance Intender, FIN Banking and Mortgage Intenders",68490
"DEMO Age A35 Plus, LIFESTAGE Home Seller",68472
"DEMO Age A35 Plus, LIFESTAGE Home Buyer",68465
"DEMO Age A35 Plus, ENT Game Show Fans",68181
"DEMO Age A35-64, RETAIL Home Products Garden Mowers and Farm Equipment",68058
"HH Income 50-150k, DEMO Age A25-54",67658
CLT 1P North Carolina Blumenthal Performing Arts DEMO F25-64 MamaMia,67540
"AUTO Make Ford, AUTO Body Style Pickup and SUV",67521
"DEMO Renter, LIFESTAGE Likely to Move",67392
"DEMO Age F25-44, CUSTOM HLTH Eyeglasses",67383
"AUTO Make Audi, AUTO Type Electric Expanded",67190
"DEMO Age A55 Plus, ENT Performing Arts",67126
"DEMO Homeowner, DEMO Spanish Speakers",66868
"DEMO Age A35-64, LIFESTYLE Music Country, LIFESTYLE Music Concert Goers",66543
"DEMO Age A25-64, AUTO Intender Mid-Size SUV Intender Expanded",66448
"FIN Credit Union Intenders, DEMO Age A25-54",66442
POL Premion General Elections Voters,66374
"DEMO Age A40 Plus, HLTH CRX DX Hypertension_High Cholesterol_Obesity",66369
"AUTO Luxury Vehicle Intenders, AUTO Lease Expiring 0 to 6 months",66356
"DEMO Age A40 Plus, HLTH CRX DX Heart Conditions",66352
"HH Income 75K Plus, DEMO Age A65 Plus, FIN Services Retirement Planning",66166
"CUSTOM AUTO SUV Intenders, AUTO Ford Intenders",66160
Rutter Mills _Web RT,65972
"LIFESTYLE Holistic, HLTH Conditions Pain",65967
"POL Premion Hispanic Voters, POL Tunnl Democratic Primary Voters",65916
"DEMO Age A21 Plus, HH Income 150K Plus, SPORTS Horse Racing",65752
"HH Income 50K Plus, AUTO Make Hyundai Kia Toyota",65196
"Demo Age A25-34, DEMO Marital Status Married, HH No Children",65128
"CUSTOM ENT Ballet Dance Enthusiasts, ENT Performing Arts",64967
"DEMO Age A25 Plus, RETAIL Seasonal Christmas",64687
"DEMO Age A35 Plus, RETAIL Seasonal Christmas",64629
"HH Income 125K Plus, DEMO Age A35 Plus, RETAIL Outdoor Furniture",64469
"DEMO Spanish Speakers, CUSTOM Frequent Drivers Prone to Accidents",64273
"FIN Credit Score Mid, AUTO Truck Intenders",64038
"AFIRST Millennial Minded, Lifestyle Green",63995
AUTO Owner Ford,63962
"DEMO Age A25 Plus, AUTO Ford Intenders Expanded",63888
"DEMO Age A35-64, AUTO Luxury Vehicle Intenders",63854
"DEMO Age A25 Plus, HLTH Products Vision, HLTH Glasses and Contact Lenses",63783
"DEMO Age A55 Plus, CLT 1P NC Blumennthal ENT Performing Arts Aint Too Proud 2025",63718
AUTO Model Tundra Tacoma 4Runner,63621
"DEMO Age A35 Plus, HH Income 60k Plus",63542
HLTH Fertility and Womens Health,63283
"DEMO Age A50 Plus, HLTH Conditions Pain, HLTH Orthopedics",63224
"DEMO Age A25 Plus, HH Income 75K Plus, AUTO Make Model Chevrolet Silverado",63222
"AUTO Ford Chevy Toyota Intenders, HH Income 100K Plus",63219
"DEMO Age A25 Plus, HH Income 150K Plus",63219
"DEMO Age A25 Plus, HH Income 75K Plus, AUTO Body Style SUV Intender",63218
"HH Children Ages 4-18, DEMO Age F25-54",63217
"DEMO Age A35 Plus, HH Home Value 150K Plus, HH Income 100K Plus",63209
WEB RT- S&S Tire,63203
"SPORTS General, FIN Legal Services",63199
"HH Children in Household, ENT Zoo, DEMO Age A21-54",63087
RETAIL Home Services Electrical,63001
"HH Homes Built Before 2015, HH Income 150K Plus",62934
FOOD Bev Coffee,62838
"DEMO Age A35-64, FIN Insurance Homeowners",62665
"HH Income 75K Plus, AFIRST Parents, HH Children Ages 3-6",62633
"FOOD Enthusiast, DEMO Age F35 Plus",62625
"AUTO Make Honda Intenders, DEMO Age A25-54, AUTO Make KIA Intenders",62619
"AUTO Make Toyota Intenders, DEMO Age A25-54, AUTO Make Hyundai Intenders",62617
"HLTH Glasses and Contact Lenses, DEMO Age A25-54, HH Income 100K Plus",62617
"DEMO Age F25-44, CUSTOM Newly Married or Planning to be Married",62616
"ENT Performing Arts, Lifestyle Charity",62615
"TRAVEL Leisure, LIFESTAGE Retired",62603
"DEMO Age A35-64, TRAVEL Family",62601
"HH Children Ages 2-11, ENT Theme Parks",62573
"HH Home Built Before 2000, CUSTOM HH Dwelling Single Family AND DEMO Homeowner",62536
"HH Children Ages 2-11, DEMO Age A25-54",62527
"LIFESTYLE Pets, Lifestyle Charity",62506
"DEMO Age A35-54, HH Children Ages 11-18",61956
"HH Home Value 500K Plus, LIFESTYLE New Movers, RETAIL Home Remodel",61648
"AUTO Type Motorcycles, DEMO Age M35-54",61628
"DEMO Age A25-64, SPORTS Golf, HH Income 100K Plus",61442
LIFESTYLE Fast Food Enthusiasts,61438
"DEMO Age A21-44, FOOD QSR Pizza, FOOD_ Sports Bar",61362
"DEMO Age A35 Plus, SPORTS Horse Racing",61296
"CUSTOM Honeymooners and TRAVEL Luxury Beach, DEMO Age A25-54",61209
"DEMO Age F25 Plus, Lifestyle Charity",61150
"HH Home Value Less than 400K, HH Home Built Before 1980",61075
"Demo Age A45-54, DEMO Homeowner, RETAIL Home Services Repair Renovation",61067
"DEMO Age A25 Plus, TRAVEL Leisure",60970
"DEMO Age A65 Plus, DEMO Career Military Veteran",60888
"HH Income Less than 50K, DEMO Career Military Veteran",60885
HLTH Preventative Care,60813
"DEMO Age F35-64, RETAIL High End Appliance Furniture Buyer",60708
"DEMO Age A25 Plus, AUTO Intender Mid-Size SUV Intender Expanded, FIN Credit Score Mid to High",60690
"HH Children in Household, HH Income 100K Plus, DEMO Age A25-49",60523
"HH Income 75K Plus, TRAVEL Leisure, DEMO Age A25-49",60522
LIFESTYLE Religion,60506
"DEMO Age A18-24, HH Children in Household, DEMO Age F25-54",60493
"ENT Fairs and Festivals, AFIRST Foodies",60272
"DEMO Homeowner, RETAIL Home Services Flooring, HH Income 150K Plus",60245
"DEMO Age A25 Plus, RETAIL Home Furnishing, HH Home Value 1M Plus",60127
"DEMO Age A35 Plus, AUTO Type RV",60122
"DEMO Age A45-64, LIFESTYLE Health Wellness",60100
DEMO Age M25-64,60057
"CUSTOM New Construction Home Intender Next 12 Months, HH Income 150K Plus, LIFESTAGE Homeowners 5 Years Plus",60026
"LIFESTAGE Empty Nester, LIFESTAGE Buy Sell Home",60024
"AUTO Truck Intenders Expanded, AUTO Ford Intenders Expanded",59998
"Demo Age A45-54, FIN Services Retirement Planning",59903
AUTO Make Jeep Expanded,59749
"HLTH CRX DX Diabetes, HH Income 150K Plus",59748
AUTO Type Foreign,59732
"DEMO Age A35 Plus, LIFESTYLE Health Wellness, DEMO Ethnicity African American",59710
"DEMO Age A35 Plus, AUTO Intender Mid-Size SUV Intender Expanded, HH Income 100K Plus",59626
"DEMO Age F35-64, DEMO Homeowner, RETAIL Home Products Garden",59577
"HH Home Value 750K Plus, CUSTOM Flood Natural Disaster Insurance",59261
"DEMO Age A25 Plus, AUTO Make Honda Intenders",59053
"DEMO Age A21-34, DEMO Career Public Safety",58943
"DEMO Age A21-34, DEMO Career Military Veteran",58936
"DEMO Homeowner, DEMO Age F55 Plus, RETAIL Home Services Home Improvement",58854
AUTO Insurance,58715
LIFESTYLE Baby Boomers,58651
CLT 1P OnPath Federal Credit Union Lafayette National,58544
CLT 1P POL L2 Benjamin Flores Latino Targets 2026,58368
"DEMO Age A25 Plus, AUTO Intenders Pickup Expanded",58156
"DEMO Age A30 Plus, TRAVEL Intender",58122
"SPORTS UFC MMA, SPORTS Wrestling Boxing",57867
"ENT Performing Arts, HH Children Ages 11-18",57864
"DEMO Homeowner, LIFESTAGE Home Renter Intender",57860
"RETAIL Furniture Appliances Mattress Electronics, HH Income 75K Plus",57762
"DEMO Age A35-44, HH Children Ages 7-18, HH Income 100K Plus",57615
HH Children Ages 3-6,57575
"DEMO Age A55 Plus, HH Income 75K Plus, LIFESTAGE Retired",57391
"HH Income 75K Plus, AUTO Make CDJR",57182
"AUTO Body Style CUV, FIN Credit Score Mid to High",57181
HH Children Ages 10-12,57103
"DEMO Age A18-24, DEMO Education Some College or Higher",56704
"DEMO Age A18-24, HH Children Young Adult",56704
RETAIL July 4th Shoppers,56669
"DEMO Age A35 Plus, Lifestyle DIY",56666
"HH Children Ages 0-12, ENT Performing Arts",56610
CLT 1P TDS Telecom OOT,55760
"Lifestyle Charity, DEMO Age F18 Plus",55380
"HH Income 75K Plus, HLTH Mental Health",55004
"DEMO Age A35 Plus, HLTH Insurance Intender or Researcher",54576
"HH Income 75K Plus, CUSTOM HLTH Back Pain",54572
"DEMO Age A25 Plus, AUTO Make Hyundai Intenders Expanded",54485
"DEMO Age A50 Plus, HH Income 75K Plus, CUSTOM HLTH Back Pain",54478
"DEMO Age F25 Plus, LIFESTYLE Music Concert Goers, HH Children Ages 7-18",54471
"RETAIL Lawn and Garden Homeowner, HH Income 150K Plus, DEMO Age F18 Plus",54289
"DEMO Age F25-64, ENT Zoo",54273
"ENT History Buffs, ENT Fairs and Festivals, DEMO Age F35-70",54263
"Lifestyle Outdoors, SPORTS Cycling",54203
"HH Income 125K+, DEMO Age A35 Plus, HH Homes Built Before 2015",53900
"DEMO Career Contractor, CUSTOM Small Business Owners",53881
"AFIRST Foodies, DEMO Age A25-54",53857
RETAIL Fashion Jewelry,53853
"AUTO Type RV, AUTO RV Intenders",53755
DEMO Career Real Estate,53753
"HH Income 75-150K, DEMO Homeowner",53683
AUTO Make F150,53677
"DEMO Age A25-54, ENT Movie Theaters",53596
DEMO Career Healthcare and Job Seekers,53266
"DEMO Age F35-64, Custom ENT Broadway Enthusiast, ENT Comedy",53253
"Lifestyle Volunteerism, DEMO Career Teachers and Support Staff, CUSTOM HH Children Ages 16-18 OR Age 18-24",53007
"HH Income Less than 75K, HH Children Ages 6-17, HH Children Ages 3-6",52909
"HH Children Ages 0-12, LIFESTYLE Aviation Aerospace",52770
"FOOD Bev Beer, DEMO Age A21 Plus",52724
"HH Home Value 400K Plus, CUSTOM LIFESTYLE New Movers Home Remodel",52708
"LIFESTYLE Military Families, HH Children Ages 11-18",52663
HLTH CRX DX Migraines Chronic Pain,52557
"DEMO Career Military Veteran, LIFESTAGE Job Seeker",52181
"HH Children in Household, LIFESTYLE Christmas Enthusiasts",52098
"DEMO Marital Status Married, HH Children Ages 13-17, HH Income 100K Plus",52081
"HH Home Built Before 1970, LIFESTAGE New Mover or Homeowner",51659
"LIFESTYLE Music Jazz, ENT Performing Arts",51609
"DEMO Age A25-64, RETAIL Home Services Home Improvement",51455
"RETAIL Lawn and Garden Homeowner, DEMO Age A21 Plus",51446
"AUTO Make Honda Expanded, HH Income 75K Plus",51355
"DEMO Age A35-64, AUTO Chevrolet Intenders Expanded",51166
"SPORTS UFC MMA, DEMO Age A18-54, SPORTS Wrestling Boxing",50959
Carrier Corp_RFPID-256750_RT,50958
HLTH CRX DX DVT,50838
"ENT Performing Arts, HH Children Ages 2-8",50726
"DEMO Age A35-64, AUTO Chevrolet Intenders",50723
"AUTO Truck Intenders, LIFESTYLE Moms with Children in Household",50720
"Custom ENT Broadway Enthusiast, HH Children in Household",50718
CUSTOM HH Children Ages 16-18 OR Age 18-24,50673
"CUSTOM AUTO SUV Intenders, AUTO Ford Intenders Expanded",50659
AUTO Make Model Chevrolet Silverado,50299
"DEMO Age A25-54, AFIRST Sports Super Fans",50132
"FIN Credit Score Mid to High, AUTO RV Intenders",50132
"DEMO Age A21-44, DEMO Career Blue Collar, LIFESTAGE Job Seeker",50080
"DEMO Age A35-64, DEMO Career Property Manager",50062
"CLT 1P NC Blumenthal ENT Anime Avatar, DEMO Age A25-49",50026
"ENT Zoo, LIFESTYLE Charity Environment or Wildlife",50011
TRAVEL Weekend,49984
"ENT Zoo, LIFESTYLE Environmental and Wildlife Enthusiasts, DEMO Age A21-54",49929
"DEMO Age F21-34, HH Children Ages 3-6",49628
"AUTO Intenders, AUTO Make Buick and GMC",49419
"DEMO Age M18 Plus, HH Income 100K Plus",49374
"HH Income 200K Plus, HLTH CRX DX Alcohol Dependency",49373
HLTH CRX DX Allergies,49018
"HH Income 150K Plus, LIFESTYLE Running",48974
CLT 1P POL L2 Luz Elena Chapa 2026,48903
"DEMO Age M18-49, SPORTS Enthusiasts",48889
"AUTO Make KIA, AUTO Body Style SUV",48826
"AUTO Type New Intender, DEMO Age A25-54, AUTO Intenders - SUV",48794
"HH Income 150K Plus, ENT Performing Arts",48647
"HH Income Less than 75K, HH Children Ages 11-18",48624
"DEMO Age A35 Plus, ENT Museums",48544
AUTO Make Mitsubishi Expanded,48514
"AUTO Body Style Sedan OR SUV Intender Expanded, AUTO Intenders Expanded",48414
"AUTO RV Intenders, TRAVEL Outdoor Adventure",48222
"AUTO Service Parts, AUTO Mileage 100K Plus",48183
Lifestyle Nightlife,48123
"DEMO Age F25-64, RETAIL Seasonal Halloween, ENT Performing Arts",48011
"HH Income 100K Plus, LIFESTYLE Charity Childrens Causes",47914
"DEMO Age A25 Plus, HLTH CRX DX Chronic Pain, FIN Legal Services",47734
"HH Children Ages 0-14, TRAVEL Family",47599
CLT 1P South Piedmont Community College_A21-34_Edu High School,47480
CUSTOM AUTO SUV Intenders,47429
"HH Income 75K Plus, DEMO Age F35 Plus",47385
"DEMO Age A21 Plus, AFIRST Budget Conscious Shoppers",47373
"DEMO Age F25-44, HH Income 125K Plus, LIFESTYLE Health Fitness",47333
HLTH Insurance Providers,47259
"HH Income 100K Plus, LIFESTYLE Music Concert Goers",47222
"DEMO Age A25 Plus, HH Children Ages 6-12, HH Income 100K Plus",47191
CUSTOM AUTO Type Owner Expanded,47032
"DEMO Age F35-70, HLTH CRX DX DVT",46932
"HH Income 125K Plus, DEMO Age A30 Plus",46913
CUSTOM AUTO Body Shop Intenders,46570
"DEMO Age A50 Plus, HH Home Built Before 1970",46470
CLT 1P South Piedmont Community College_ A18-34 Edu Vocational,46436
"TRAVEL Family, DEMO Age A18-34",46382
"DEMO Age A35 Plus, LIFESTAGE New Mover or Homeowner",46216
"AUTO Make RAM, AUTO Truck Intenders",46136
"ENT Movie Theaters, DEMO Age F18 Plus",46055
"AUTO Intenders, DEMO Age F18 Plus",46041
DEMO Age F21 Plus,46033
"DEMO Age A55 Plus, HH Net Worth 1M Plus, HLTH CRX DX Cataracts",45818
AUTO Owner Kia,45587
"HH Children Ages 0-12, DEMO Age F25-64",45517
"DEMO Age A18-49, DEMO Career Military Active",45478
"HH Income 50K Plus, AUTO Make Honda Intenders",45091
"HH Income 75K Plus, LIFESTYLE Clean and Renewable Energy",44811
"FOOD Bev Wine, LIFESTYLE Millennials",44809
"DEMO Age F25-64, LIFESTYLE Bargain Shoppers",44785
LIFESTYLE Boats RVs,44684
"HH Income 100K Plus, HH Home Built Before 1990",44649
"AUTO Body Style Pickup Expanded, AUTO Body Style SUV Expanded",44648
"HH Home Value 400K Plus, DEMO Age F35 Plus",44263
"DEMO Age F35-54, CUSTOM RETAIL Home Furnishing AND HH Income 150K Plus",44262
"HH Children Ages 0-6, DEMO Age F21 Plus",44133
"DEMO Ethnicity Heritage Hispanic, LIFESTYLE Music Concert Goers, DEMO Age A25-49",44131
"DEMO Age A35 Plus, HH Income 250K Plus",44070
"DEMO Age A25-54, ENT Comedy",43960
"AUTO Type Owner, HH Income Less than 50K",43919
"HH Income 75K Plus, RETAIL Home Services Plumbing and Heating",43600
"DEMO Age A55 Plus, FIN Services Advisor",43559
"DEMO Age A55 Plus, HH Net Worth 750K Plus",43559
"DEMO Age A55 Plus, LIFESTAGE Retired",43553
"DEMO Age A21-34, LIFESTAGE Single Daters, Demo Religion Christian",43537
"DEMO Age A25 Plus, HH Net Worth 1M Plus, RETAIL Fashion Fine Jewelry",43266
"DEMO Age F25 Plus, ENT Comedy",43233
"HH Income 75K Plus, DEMO Age A45 Plus, DEMO Education Bachelor",43217
"DEMO Age A35-64, LIFESTYLE Health Fitness",43163
"ENT Movies, DEMO Age F35 Plus",42709
"ENT Dance, DEMO Age F35 Plus",42624
"FOOD Enthusiast, HH Income 100K Plus",42570
"AFIRST Luxury Shoppers, DEMO Age A25-54",42419
Lifestyle Music Classical,41977
"HH Income 75K Plus, DEMO Age F25-64",41962
LIFESTYLE Health Wellness Nutrition,41936
"HLTH Preventative Care, DEMO Age A60 Plus, CUSTOM HLTH Womens Health Menopause",41805
"Lifestyle Outdoors, ENT Holiday Specials Viewers",41674
"DEMO Age A18 Plus, LIFESTAGE College Planning Parents",41671
"HH Income Less than 75K, HLTH Insurance Medicare or Medicaid",41476
"HLTH Women Preventive Care, DEMO Age F18-54",41476
AUTO Ford SUV or Truck Intenders Expanded,41430
DEMO Age M35-54,41378
"DEMO Age A40-65, LIFESTYLE Music Concert Goers",41280
"AUTO Owner Commercial Vehicle, AUTO Truck Intenders OR SUV Intenders Expanded",41238
"DEMO Age A35 Plus, HLTH CRX Cancer",41192
"DEMO Homeowner, ENT NCAA FB Viewers",41164
"FIN Credit Score Mid, AUTO Type Used Intender Expanded",41136
"Custom ENT Broadway Enthusiast, DEMO Age F45 Plus, HH Income 100K Plus",41121
"DEMO Career Blue Collar, RETAIL Apparel Men",40948
"HH Home Value 300K Plus, RETAIL Home Services Roofing Only",40830
"DEMO Age M45 Plus, HLTH Preventative Care",40736
"DEMO Age A35 Plus, ENT General Interest",40729
"DEMO Age A35-64, RETAIL High End Appliance Furniture Buyer",40682
"RETAIL Home Services Plumbing Heating Electrical, RETAIL Generator",40262
"FIN Investable Assets 25K Plus, CUSTOM LIFESTYLE Precious Metals Diamonds Coin Collector",40199
"DEMO Age F32-60, HH Income 150K Plus, LIFESTYLE Parents Theme Parks",40134
HH Income Less than 30K,40131
"HH Children Ages 0-14, ENT Zoo",40115
"DEMO Age A35-64, HH Home Built Before 2014, HH Home Value 300K Plus",40080
"LIFESTYLE Outdoors Fishing, DEMO Age A18-64",40016
"LIFESTYLE Grilling, DEMO Age A18-64",40014
"Lifestyle Outdoors Hunting, DEMO Age A18-64",39998
"ENT Holiday Specials Viewers, DEMO Age F25 Plus",39950
HLTH Glasses and Contact Lenses,39949
"LIFESTYLE College Courses, DEMO Age A18-34",39892
"LIFESTAGE Mothers, HH Children Ages 0-14, DEMO Age F25-54",39882
"HH Income 75K Plus, ENT Performing Arts, DEMO Age F50 Plus",39790
"DEMO Age A25 Plus, RETAIL Home Products Garden Mowers and Farm Equipment",39783
"DEMO Age A40 Plus, HH Net Worth 500K Plus",39764
"Custom ENT Broadway Enthusiast, LIFESTYLE LGBTQ Community",39740
CLT 1P TDS Telecom Bend,39647
"AUTO Type Electric, DEMO Homeowner",39336
"DEMO Age A35-64, AUTO Ford Intenders Expanded",39214
"DEMO Homeowner, HH Income 150K Plus, RETAIL Home Furnishing Intender",39000
"DEMO Homeowner, RETAIL Home Garden Hot Tub",38733
"DEMO Age A35 Plus, LIFESTAGE College Planning Parents",38730
"LIFESTAGE Education Services, DEMO Age A18-24",38729
"HH Children in Household, Lifestyle Music",38710
"HH Income 150K Plus, Demo Religion Christian",38568
"CUSTOM HLTH Private Insurance AND DEMO Age 40 Plus, HH Net Worth 500K Plus, HLTH CRX DX Sports Injury",38560
"HH Children in Household, ENT Zoo, DEMO Age F25-54",38405
"DEMO Age A25 Plus, HH Income 75K Plus, RETAIL Home Garden Hot Tub",38349
"Custom Personal Injury Lawyer Intender, FIN Legal Services",38306
"DEMO Age A35-64, Lifestyle Music, ENT Performing Arts",38224
"LIFESTAGE College Planning Parents, LIFESTAGE Education Services",38218
"DEMO Homeowner, CUSTOM New Construction Home Intender Next 12 Months, HH Income 150K Plus",38050
SPORTS Volleyball,38042
"DEMO Homeowner, HH Income 150K Plus, CUSTOM New Construction Home Intender Next 12 Months OR Homeowner",38036
"DEMO Age A25-44, LIFESTYLE Vocational School",37940
"RETAIL Home Furnishing, HH Income 150K Plus, DEMO Age F35 Plus",37695
"DEMO Age F25-44, HH Children Ages 0-9",37547
"DEMO Age A35 Plus, HH Children in Household",37488
"AUTO Electric Intenders, AUTO Electric Intenders Expanded",37416
"Lifestyle Green, CUSTOM Environmentally Conscience Consumers",37158
"AUTO Make Hyundai Intenders Expanded, DEMO Age A25-64",37133
"LIFESTYLE Costumes Cosplay Enthusiasts, CUSTOM Renaissance Fair Festival Cosplay",36715
"LIFESTYLE Christmas Enthusiasts, DEMO Age F32-60, HH Income 150K Plus",36560
"HH Income 75-150K, DEMO Age A25-44",36442
"DEMO Age A45-64, HH Income 75-150K",36436
"DEMO Age A25-49, HH Income 100K Plus",36432
"DEMO Ethnicity African American, DEMO Age F18-49",36421
"HH Income 125K Plus, HLTH Orthopedic",36301
HH Net Worth 750K Plus,36232
"LIFESTAGE New Mover or Homeowner, DEMO Age A25-49, HH Income 80k Plus",36029
"DEMO Age A21 Plus, LIFESTYLE Health Wellness",36026
"AUTO Make Mazda Intender, DEMO Age A25-54",35834
"HH Income 75K Plus, DEMO Age A35 Plus, RETAIL Home Products Mattress",35821
"RETAIL Apparel Men, RETAIL Fathers Day Gifts",35805
"HH Income 75K Plus, AUTO Body Style SUV",35767
"AUTO Make Buick and GMC Expanded, DEMO Age A25-54",35742
HLTH CRX Low Testosterone,35561
"DEMO Age A55 Plus, HH Home Value 250-750K, RETAIL Home Services Roofing Only",35299
"DEMO Age M18 Plus, AUTO Type Motorcycles, CUSTOM AUTO Harley Davidson",35200
"DEMO Age F21-54, DEMO Marital Status Engaged",35090
HH Home Value 150K Plus,35076
"DEMO Age A65 Plus, HLTH Insurance Uninsured, HH Income Under 60K",35032
"AUTO Type RV, DEMO Age A18-49",35030
DEMO Age M25 Plus,34983
"DEMO Age F21 Plus, LIFESTAGE Single Daters",34959
"DEMO Age A21 Plus, ENT Fairs and Festivals",34932
"AUTO Service Repair, FIN Legal Services",34813
"HH Children in Household, HH Income 50K Plus",34691
RETAIL Pharmacy,34627
CLT 1P American Diabetes Association Fundraising,34600
CLT 1P American Diabetes Association Donor,34591
FIN Refinance Intender,34555
"DEMO Age A35-64, Lifestyle Music",34477
LIFESTYLE Christmas Enthusiasts,34425
"CUSTOM Motorcycle Enthusiasts, DEMO Age M35-54",34013
"DEMO Age A35-64, HH Income 150K Plus, LIFESTYLE New Movers",33964
"DEMO Age A35-64, HH Income 150K Plus, CUSTOM RETAIL Kitchen Bathroom Home Renovations",33958
"DEMO Age A35-64, RETAIL Home Services Flooring, HH Income 150K Plus",33957
ENT Dance,33904
"DEMO Homeowner, HH Income 100K Plus",33556
"ENT News Viewers, SPORTS Enthusiasts",33460
"DEMO Age A25 Plus, AUTO Intenders",33411
"AUTO Type New, DEMO Age A25-54, AUTO Body Style Pickup",33361
"ENT Performing Arts, DEMO Age A35-54",33361
"AUTO Type Used, DEMO Age A25-54",33358
"DEMO Age M25-64, HLTH Insurance Medicare or Medicaid",33296
"DEMO Age F25-64, HLTH Caregiver in HH",33262
"LIFESTYLE Outdoors Fishing, LIFESTYLE Boating",32792
CLT 1P North Carolina Blumenthal Performing Arts_SciFi DnD AND A25-49_TwentySided,32759
"LIFESTYLE Charity Cancer, HH Net Worth 500K Plus",32701
"DEMO Age M18 Plus, SPORTS Golf",32641
"DEMO Age A35 Plus, RETAIL Fashion Fine Jewelry",32629
"LIFESTYLE Antiques and Collectibles, RETAIL Seasonal Christmas",32332
"DEMO Age F35-54, HLTH CRX DX Hair Loss",32327
"DEMO Age A50 Plus, HLTH Disabled",32211
HLTH CRX DX Autism in HH,32046
"HH Children in Household, FOOD Chocolate",32007
"DEMO Age A25 Plus, LIFESTYLE Health Wellness",32001
"AFIRST Travel Buffs and Sightseers, AFIRST Foodies",31979
"DEMO Age A45 Plus, Lifestyle Music",31978
"HH Income 125K Plus, DEMO Age F35 Plus, RETAIL Outdoor Furniture",31975
"DEMO Age A21 Plus, ENT General Interest",31973
"HH Net Worth 1M Plus, DEMO Age F50 Plus",31973
"DEMO Age F35-64, RETAIL Home Furnishing",31936
SPORTS Cycling,31873
"DEMO Age F35-54, HH Children in Household, ENT General Interest",31757
"DEMO Age A25 Plus, DEMO Career Blue Collar",31752
"AUTO Luxury Vehicle Intenders Expanded, HH Income 150K Plus",31736
"DEMO Career CEO Operations Management, FIN B2B Commercial Property Owner",31633
"FOOD Mexican, FOOD Bev Liquor",31473
"DEMO Age A35 Plus, HH Home Built Before 2010",31463
"DEMO Age A25 Plus, HLTH Glasses and Contact Lenses",31458
"DEMO Age F65 Plus, ENT General Interest",31384
"DEMO Age F65 Plus, ENT Comedy",31379
FOOD Meat Eaters,31308
"ENT News Viewers, Lifestyle Technology",31293
"CUSTOM Travelers and History Enthusiasts, TRAVEL Outdoor Adventure",31288
"LIFESTAGE Job Seeker, DEMO Age A21-49",31281
"HH Income 250K Plus, DEMO Marital Status Married",31277
RETAIL Outdoor Furniture,31276
"HH Children Ages 0-12, CUSTOM SPORTS Buffalo Bills Fans",31272
"DEMO Age A25 Plus, RETAIL Home Garden Hot Tub",31270
"ENT News Viewers, LIFESTYLE Charity Health",31270
"DEMO Age A35-64, AUTO Intenders Pickup",31177
"DEMO Age A25 Plus, CLT 1P Jenkins Nissan of Homosassa Auto Intenders",31076
"ENT Books, HH Children Ages 0-9",31054
"DEMO Age A25-64, FIN Credit Union Intenders",31013
"LIFESTYLE Volunteerism, LIFESTYLE Charity",30982
"DEMO Age A25 Plus, AUTO Make Toyota, DEMO Spanish Speakers",30865
"AUTO Ford Intenders Expanded, AUTO Truck Intenders",30680
"RETAIL Home Remodel, DEMO Homeowner",30434
"DEMO Age A25 Plus, HH Home Heat Source Gas",30166
RETAIL Holiday Entertaining,30166
"SPORTS Enthusiasts, HH Income 250K Plus",30133
WEB RT- Carrier Corp Ocean State Air Conditioning,30000
"AUTO Truck Intenders, AUTO Type New Intender Expanded",29984
LIFESTYLE Music Country,29967
"HH Income 75K Plus, RETAIL Home Services Pest Control",29722
"LIFESTYLE Music Concert Goers, DEMO Age F45 Plus",29642
"DEMO Age A35-64, AUTO Insurance, HH Children in Household",29477
"HLTH Private Insurance, CUSTOM HLTH Veins Fibroids",29433
"DEMO Religion Catholic, HH Income 100K Plus",29352
"HH Income 150K Plus, Lifestyle Charity, DEMO Age F45 Plus",29335
"DEMO Age A25 Plus, HH Children Ages 13-17",29302
HH Children Ages 6-12,29288
"DEMO Age A25 Plus, HH Income 50K Plus, DEMO Homeowner",29218
"AUTO Service Repair Expanded, AUTO Mileage 100K Plus",29084
AUTO Make Audi Expanded,29009
"DEMO Age A18-24, DEMO College Student",28932
"HH Income 150K Plus, RETAIL Fireworks Enthusiast 4th of July Shopper",28792
"DEMO Age A21 Plus, AUTO Ford Intenders Expanded",28637
"AUTO Body Style CUV, HH Income 75K Plus",28612
"Custom ENT Broadway Enthusiast, LIFESTYLE Music Concert Goers, DEMO Age F45 Plus",28612
"HH Income 75K Plus, RETAIL Home Garden Hot Tub",28599
"HH Income 75K Plus, HLTH CRX DX Alzheimers Dementia",28524
"HH Children Ages 0-12, DEMO Age A18-54",28506
"DEMO Homeowner, DEMO Age A21 Plus",28288
"DEMO Ethnicity African American, LIFESTAGE Prospective College Students",28128
"HH Children Ages 0-12, DEMO Age F25-49",27826
"DEMO Age A25-44, LIFESTYLE Music Pop",27784
CLT 1P Alden GMC,27666
ENT Reality TV,27523
"DEMO Age A35-64, AUTO Type Domestic",27317
"HH Children in Household, DEMO Age A25-54, HH Income Less than 75K",27284
"DEMO Age F35-64, CUSTOM Lifestyle Furniture Shopper",27162
"HH Homes Built Before 2015, HH Income 50K Plus",27128
"AUTO Chevrolet Intenders, FIN Credit Score Mid to High",27070
"DEMO Age A21 Plus, DEMO Education College Some",27070
"DEMO Age A21 Plus, HH Children in Household, ENT General Interest",27045
"DEMO Age A25 Plus, RETAIL Home Furnishing, HH Income 100K Plus",27017
"HLTH Condition Respiratory Ailment, DEMO Age A65 Plus",26672
"DEMO Religion Catholic, HH Income 150K Plus",26550
"DEMO Age A35 Plus, ENT Performing Arts, ENT Comedy",26492
"DEMO Age A18-44, LIFESTYLE Music Concert Goers",26417
"DEMO Age M55 Plus, SPORTS Golf",26356
"AUTO Truck Intenders OR SUV Intenders, HH Income 150K Plus",26313
"DEMO Ethnicity Heritage Hispanic, DEMO Age M25 Plus",26204
"DEMO Age A40 Plus, LIFESTYLE Health Wellness Weight Loss",26110
"DEMO Age A25-64, CUSTOM AUTO Honda Ridgeline Toyota Tacoma Ford Truck Intenders",25952
"FOOD Bev Wine, DEMO Career Healthcare Nurse",25924
"DEMO Age A18-54, HH Income Less than 100K",25752
HH Children Ages 10-14,25748
DEMO Career Teachers and Support Staff,25729
AUTO Truck Intenders Expanded,25722
"DEMO Age F21 Plus, HLTH CRX DX Endometriosis",25599
CLT 1P Morgan Meyer,25291
"DEMO Age A35 Plus, DEMO Career White Collar Worker",25206
"FIN Credit Score Mid to High, AUTO Make Ford Expanded",25170
"HH Children Ages 4-12, DEMO Age A25-54",25045
"DEMO Age F18-49, HH Income Less than 30K",25029
"CLT 1P Amberton University DEMO Career Employed, DEMO Education Bachelor, DEMO Age A35-54",25022
POL Premion Independent Affiliation,24774
LIFESTAGE Homeowner New,24653
"HH Income 75K Plus, CUSTOM Outdoor Enthusiast And Auto Intender",24624
"HH Income 75K Plus, DEMO Age A25-54",24443
"HH Income 100K Plus, SPORTS Golf",24313
"DEMO Age A35 Plus, LIFESTAGE Retired",24244
"AUTO Intender Mid-Size SUV Intender, DEMO Age A18-64",24067
"HH Income 50K Plus, LIFESTYLE Health Fitness Seniors",23910
FIN DEBTOR,23889
FIN B2B Mid Size Office,23872
"POL Premion Republican Affiliation, DEMO Career Business Owner General",23491
"DEMO Age A25 Plus, AUTO Type New Intender, AUTO Truck Intenders",23299
"AUTO Body Style SUV Expanded, DEMO Age A25-54",23216
"AUTO Intenders Pickup Expanded, DEMO Age A25-54",23176
"DEMO Age A35 Plus, POL Premion Republican Affiliation",23046
"DEMO Age F25 Plus, HH Children Ages 0-14",22951
"AUTO Body Style NEW Pickup, AUTO Body Style SUV",22866
"DEMO Age A25 Plus, POL Premion Republican Affiliation",22800
"DEMO Age A60 Plus, HH Income 150K Plus",22721
RETAIL Winter and Holiday Decorating,22626
CUSTOM AUTO Lease Expiring Expanded,22611
"DEMO Age A25 Plus, AUTO Make CDJR Expanded",22358
"HH Children Ages 0-14, ENT Fairs and Festivals",22329
AUTO Make Volvo Intender,21805
"DEMO Age A50 Plus, CUSTOM Seniors In Home Nursing Care",21717
"TRAVEL Intender, SPORTS Golf",21522
"DEMO Age A25 Plus, AUTO Intender Mid-Size SUV Intender, FIN Credit Score Mid to High",21461
CUSTOM New Movers OR Likely to Move Or Homeowner,21156
CUSTOM LIFESTAGE Life Events,21082
"AUTO Body Style SUV Intender, AUTO Body Style SUV Intender Expanded",21038
"HH Income 75K Plus, SPORTS Baseball",21037
"HH Children Ages 0-12, Demo Religion Christian",20977
"DEMO Age A25 Plus, AUTO Truck Intenders Expanded",20479
"DEMO Career Real Estate, HH Net Worth 1M Plus",20371
CLT 1P POL Michael McClendon 2025,20214
"DEMO Age A35-64, LIFESTYLE Music Rock",20008
"LIFESTYLE Music Country, DEMO Age A25-54",19997
"DEMO Age A25 Plus, Lifestyle Charity, Lifestyle Volunteerism",19804
DEMO Career Property Project and Facility Management,19796
HLTH CRX Ozempic,19563
"HH Children Ages 0-12, TRAVEL Road Trips",19495
"HH Income 150K Plus, RETAIL Home Services Home Improvement",19218
"RETAIL Home Services Backyard, HH Income 100K Plus",19073
RETAIL Beauty Products Skin,18868
"HH Income 75K Plus, DEMO Age A35 Plus, AUTO Luxury Vehicle Intenders Expanded",18690
CLT 1P Amped Marketing OR Business Owners with 1M Plus Revenue,18681
"HH Income 75K Plus, AUTO SUV and Truck Intenders",18555
"DEMO Age A55 Plus, LIFESTAGE Empty Nester",18333
SPORTS Betting,18154
HLTH CRX Hearing Loss Tinnitus,17912
"HH Income 75K Plus, HH Children Ages 3-6",17133
CLT 1P OnPath Foundation Daymond John,16640
"DEMO Age A25 Plus, AFIRST Outdoor Adventurers",16540
"HH Children in Household, DEMO Career Blue Collar, DEMO Age A21-49",16537
CLT 1P Indiana University LookALike,16495
HLTH CRX DX Obesity,16475
HH Children Ages 0-14,16111
DEMO Bilingual English and Spanish,15954
HH Home Value 200K Plus,15759
"DEMO Age A21-34, TRAVEL Leisure",15191
"TRAVEL Family, DEMO Age A35-54",15116
AUTO Make Intender Honda Nissan Subaru,15028
"DEMO Age A18 Plus, Custom ENT Broadway Enthusiast",14889
"DEMO Age A18 Plus, ENT Movie Theaters",14882
"HH Income 75K Plus, HH Children None, LIFESTYLE Pets Dogs OR Cats",14575
"DEMO Age A25 Plus, SPORTS Golf",14538
"DEMO Age A25 Plus, LIFESTYLE Music Jazz",14290
"DEMO Vacation Homeowner, DEMO Age A45 Plus",13914
"LIFESTYLE Health Fitness, HH Income 150K Plus, HLTH Physical Therapy",13301
"HH Children in Household, DEMO Age A18-49",13296
"DEMO Age A18 Plus, AFIRST Parents",13106
AUTO Make Mitsubishi,12967
FOOD Ice Cream,12839
"DEMO Age A21 Plus, DEMO Career Public Safety",12817
"AUTO Type Used, FIN Credit Score Mid",12522
"LIFESTAGE New Mover or Homeowner, DEMO Age A25-49, HH Income 100K Plus",12362
"AUTO Owner Commercial Vehicle, AUTO Truck Intenders OR SUV Intenders",12226
"AUTO Body Style Pickup Expanded, DEMO Age A25-54",12162
"DEMO Age F35-64, CUSTOM RETAIL Home Furnishing AND HH Income 150K Plus",12039
"HH Net Worth 500K Plus, HLTH CRX DX Sports Injury, CUSTOM HLTH Insurance Medicare",11558
"DEMO Age A25 Plus, AUTO Chevrolet Intenders",11392
"DEMO Age A35-64, HH Home Value 250K Plus, HH Income 150K Plus",11385
LIFESTYLE Boat Repair,10777
"DEMO Age M18 Plus, CUSTOM AUTO Harley Davidson, AUTO Type Motorcycles Expanded",10758
"DEMO Age A35 Plus, AUTO Service, HH Income 100K Plus",9965
"CUSTOM DEMO Homeowner and HH Income 200K Plus, HH Home Built Before 2005",9877
"HH Children Ages 13-18, FIN Credit Score Mid to High",9555
"HH Income 75K Plus, HH Children Ages 6-17",9553
POL Premion Republican Affiliation AND DEMO Age A25 Plus,9371
"HH Income 125K+, HH Children in Household, LIFESTYLE Pets Dogs OR Cats",9233
"DEMO Age A45 Plus, ENT Game Show Fans",8696
"HH Income 500K Plus, DEMO Age A35 Plus, CUSTOM LIFESTYLE Luxury OR LIFESTYLE Musical Instrument",8621
"AUTO Type RV, DEMO Age A18-49, AUTO RV Intenders",8421
"LIFESTYLE Music Jazz, DEMO Age A45 Plus",8325
"DEMO Age A25 Plus, AUTO Service Repair, FIN Legal Services",8308
"DEMO Age A25 Plus, CUSTOM AUTO Domestic Truck Intenders, AUTO Domestic SUV Intenders",8051
DEMO Homeowners and HHI 75K Plus,7475
"DEMO Career Law and Government, LIFESTAGE Job Seeker",7354
"HH Income 125K Plus, HH Dwelling Single Family",7161
RETAIL Home Services Cleaning,7068
"DEMO Age A25-64, AUTO Intenders, AUTO Body Style SUV Small",6699
"DEMO Age A25-54, HH Income 150-200K",6550
"DEMO Age A35-64, HH Home Value 150K Plus, HH Income 150K Plus",6524
"DEMO Age M21-34, AFIRST Gamers and Tech Junkies",6435
"DEMO Age A40-65, LIFESTYLE Music Rock",6319
HLTH Insurance Medicare or Medicaid,6259
AUTO Body Style Compact,6240
"DEMO Career Architects, DEMO Career Contractor",6173
"AUTO Make Honda, AUTO Intenders Expanded",5971
LIFESTYLE Health Fitness Seniors,5936
"DEMO Age A35-64, AUTO Type Used Intender Expanded",5922
CUSTOM Outdoor Enthusiast And Auto Intender Expanded,5877
"HH Income 50K Plus, DEMO Age A30 Plus",5607
"DEMO Ethnicity Asian OR Hispanic, LIFESTAGE Prospective College Students",5386
"AUTO Drivers, AUTO HH Drivers Ages 16-19",4795
"HH Income 100K Plus, FIN Rental Property Owner",4726
HLTH CRX DX Osteoarthritis Knee,4452
"DEMO Age A18-24, CLT 1P Indiana University LIFESTAGE Prospective College Students",4340
"DEMO Age A18 Plus, ENT General Interest",4262
Custom_Doctors and Nurses,4039
LIFESTYLE Music Rock,4035
"HLTH CRX Hearing Loss Tinnitus, HH Income 100K Plus",3487
"AUTO Type New Intender, AUTO Truck Intenders",3375
"DEMO Age M18 Plus, LIFESTYLE LGBTQ Community",3339
"LIFESTAGE Single Daters, DEMO Age M18 Plus",3303
HH Children or Expecting,3109
AUTO Mileage 100K Plus,3092
"DEMO Age A35 Plus, AUTO Service Tires, HH Income 100K Plus",2945
"HLTH Conditions, HH Income 100K Plus",2176
"AUTO Type RV, AUTO RV Intenders, DEMO Age A18-49",2172
"HLTH CRX DX Dentures_Gum Disease, HH Income 150K Plus",2032
LIFESTYLE TV Children Networks,1855
RETAIL Pawn Shops,1738
AUTO Make Hyundai Expanded,1301
"DEMO Age A35-64, DEMO Remote Job Worker, FIN Business Owner Small",1286
"HLTH Conditions Hearing, DEMO Career Blue Collar",1198
"DEMO Age M18 Plus, DEMO Age F18 Plus",1103
"DEMO Age A35 Plus, AUTO Lease Expiring",869
HLTH CRX DX Sports Injury_Knee_Hip Revision,825
"AUTO Body Style SUV or CUV, AUTO Ford Intenders",794
"FIN Credit Score High, RETAIL High End Appliance Furniture Buyer",741
"DEMO Age A25 Plus, Custom ENT Broadway Enthusiast",683
"RETAIL Pawn Shops, AFIRST Gamers and Tech Junkies",659
AUTO HH Drivers Ages 16-19,627
"HH Children Ages 4-18, HH Children and Grandchildren in Household",553
"DEMO Age A35-64, FIN Business Owner Small, DEMO Remote Job Worker",551
AUTO Truck Intenders,524
"FIN Services Investments, DEMO Age A35 Plus, HH Net Worth 500K Plus",502
CLT Indiana University Southeast Lookalike,410
HLTH CRX DX Orthopedics_Sports Med,362
"CUSTOM Blue Bell Ice Cream Shoppers, FOOD Ice Cream",357
Pima Medical Institute_RFPID-254492_RT,328
"AUTO Intenders, DEMO Bilingual English and Spanish",303
HLTH_Veins _Fibroids,300
"DEMO Age F25 Plus, HH Home Value 500K Plus",282
HLTH CRX DX BMI TX Bariatric Procedure,238
"AUTO Type Owner, AUTO Service Repair",202
"DEMO Age A35-64, HH Income 150K Plus",201
"LIFESTYLE College Courses, DEMO Age A18-54",199
"DEMO Age A35 Plus, DEMO Homeowner, HH Income 150K Plus",198
PIma Medical Institute_RFPID-254506_RT,152
Pima Medical Institute_RFPID-254499_RT,112
"HH Income 75K Plus, DEMO Age A35 Plus, HH Home Built Before 2005",100
"CUSTOM HH Dwelling Single Family and Lifestyle Dogs, DEMO Age F35 Plus, HH Income 100K Plus",99
"DEMO Age F35-64, CUSTOM HH Dwelling Single Family and Lifestyle Dogs, HH Income 150K Plus",99
"DEMO Age A35-64, AUTO CDJR Intenders",72
"HH Income 125K Plus, DEMO Age A25-64, LIFESTAGE Home Buyer",70
"DEMO Spanish Speakers, LIFESTYLE Bargain Shoppers",42
"DEMO Age A35 Plus, FIN Credit Score High, HH Homes Built Before 2015",41
"DEMO Age A25 Plus, AUTO Make Toyota Intenders, AUTO Make Toyota Expanded",35
"HLTH Insurance Medical, HLTH CRX DX Alcohol Opioid Dependency",31
"DEMO Age A35 Plus, RETAIL Home Services Oil_HVAC",21
"DEMO Age A21 Plus, AUTO Ford Intenders Expanded, AUTO Ford Intenders",17
HLTH CRX DX Sports Injury,16
CUSTOM AUTO Toyota RAV4 OR Honda CRV Intender,6
Cub Cadet Elite Dealer Program_All Campaign_RT,6
"AUTO Intenders Expanded, AUTO Make Cadillac",1
"DEMO Age A35-64, DEMO Career Business Owners Executives",1
LIFESTYLE Cooking Enthusiast,1
